"(Intercept)";"pop";"scale(log(FGM1), scale = F)";"scale(mass1, scale = F)";"scale(quali_coh, scale = F)";"sex";"pop:scale(log(FGM1), scale = F)";"pop:scale(quali_coh, scale = F)";"pop:sex";"scale(log(FGM1), scale = F):scale(mass1, scale = F)";"scale(log(FGM1), scale = F):scale(quali_coh, scale = F)";"scale(log(FGM1), scale = F):sex";"scale(quali_coh, scale = F):sex";"pop:scale(log(FGM1), scale = F):scale(quali_coh, scale = F)";"pop:scale(log(FGM1), scale = F):sex";"pop:scale(quali_coh, scale = F):sex";"scale(log(FGM1), scale = F):scale(quali_coh, scale = F):sex";"pop:scale(log(FGM1), scale = F):scale(quali_coh, scale = F):sex";"df";"logLik";"AICc";"delta";"weight"
0.0824123810149048;"+";NA;-0.192143541524263;NA;NA;NA;NA;NA;NA;NA;NA;NA;NA;NA;NA;NA;NA;5;-187.72970981362;386.104580917563;0;0.0768697757405636
0.18909779709219;"+";NA;-0.15815169064101;-0.080737689860751;NA;NA;"+";NA;NA;NA;NA;NA;NA;NA;NA;NA;NA;7;-185.822204001241;386.875177233251;0.770596315687953;0.0522904946619278
0.407521759951099;"+";NA;-0.159562128610835;-0.297437638966027;NA;NA;NA;NA;NA;NA;NA;NA;NA;NA;NA;NA;NA;6;-187.217699749835;387.348442977931;1.24386206036883;0.0412718940072163
0.250572381840532;"+";NA;NA;-0.276759315229646;NA;NA;"+";NA;NA;NA;NA;NA;NA;NA;NA;NA;NA;6;-187.471678947012;387.856401372284;1.75182045472155;0.0320149358304653
0.0980546187478593;"+";-0.127785613285221;-0.201908629946568;NA;NA;NA;NA;NA;NA;NA;NA;NA;NA;NA;NA;NA;NA;6;-187.623807763788;388.160659005836;2.05607808827369;0.0274969123952937
0.0476916651401523;"+";NA;-0.193030678325597;NA;"+";NA;NA;NA;NA;NA;NA;NA;NA;NA;NA;NA;NA;6;-187.704323929219;388.321691336699;2.21711041913608;0.0253697509386527
0.475549103175254;"+";NA;NA;-0.501886132728204;NA;NA;NA;NA;NA;NA;NA;NA;NA;NA;NA;NA;NA;5;-188.873281364404;388.391724019131;2.2871431015684;0.0244967686052067
0.246729179909779;"+";NA;-0.199524590022694;NA;"+";NA;NA;"+";NA;NA;NA;NA;NA;NA;NA;NA;NA;7;-186.71629815296;388.663365536689;2.55878461912675;0.0213856568445642
0.177180707039543;"+";-0.195616992223713;-0.17425629168455;-0.0460836953721368;NA;NA;"+";NA;NA;NA;NA;NA;NA;NA;NA;NA;NA;8;-185.583650341769;388.767300683538;2.66271976597545;0.0203026797146468
-0.346641428501326;NA;NA;NA;NA;NA;NA;NA;NA;NA;NA;NA;NA;NA;NA;NA;NA;NA;3;-191.342756119383;388.938143817714;2.83356290015087;0.0186404008880476
0.09638596525132;"+";NA;-0.161345788927435;-0.0539003286665635;"+";NA;"+";NA;NA;NA;NA;NA;NA;NA;NA;NA;NA;8;-185.739325917727;389.078651835453;2.97407091789051;0.0173757804256422
-0.330239444929985;NA;NA;-0.103849295680705;NA;NA;NA;NA;NA;NA;NA;NA;NA;NA;NA;NA;NA;NA;4;-190.371437222157;389.168406359207;3.06382544164438;0.0166132412847209
-0.13673281963398;"+";NA;NA;NA;NA;NA;NA;NA;NA;NA;NA;NA;NA;NA;NA;NA;NA;4;-190.419049132256;389.263630179406;3.15904926184311;0.0158407880384282
-0.358320716931224;NA;NA;-0.173794480535567;0.226513329605848;NA;NA;NA;NA;NA;NA;NA;NA;NA;NA;NA;NA;NA;5;-189.319282581712;389.283726453747;3.17914553618471;0.0156824146386598
0.728509375193228;"+";NA;-0.158616819744377;-0.389564647915739;"+";NA;NA;"+";NA;NA;NA;NA;NA;NA;NA;NA;NA;8;-185.902988640909;389.405977281818;3.30139636425565;0.014752529857528
0.408655125473376;"+";-0.110658163198517;-0.168944244895098;-0.285140535688968;NA;NA;NA;NA;NA;NA;NA;NA;NA;NA;NA;NA;NA;7;-187.140203648306;389.511176527382;3.40659560981896;0.0139966072514136
0.428854212047053;"+";NA;-0.159729984282075;-0.165964106387248;"+";NA;"+";"+";NA;NA;NA;NA;NA;NA;NA;NA;NA;9;-184.776646667613;389.575765245338;3.47118432777495;0.0135518165637268
0.388014345346335;"+";NA;-0.160313759199497;-0.293610929482389;"+";NA;NA;NA;NA;NA;NA;NA;NA;NA;NA;NA;NA;7;-187.212853875876;389.656476982522;3.55189606495895;0.0130158094936851
0.1159166970554;"+";-0.372409695052344;-0.203949131368864;NA;NA;"+";NA;NA;NA;NA;NA;NA;NA;NA;NA;NA;NA;7;-187.250941376848;389.732651984466;3.62807106690332;0.0125293918538106
0.0542878069472466;"+";NA;-0.162043005622955;0.0600591337251314;"+";NA;"+";NA;NA;NA;NA;"+";NA;NA;NA;NA;NA;9;-185.004351944838;390.031175799788;3.92659488222534;0.0107921101432067
0.195184948059967;"+";NA;NA;-0.262935319202169;"+";NA;"+";NA;NA;NA;NA;NA;NA;NA;NA;NA;NA;7;-187.441938066516;390.1146453638;4.01006444623783;0.0103509731852577
0.245388442776333;"+";-0.0540327114744495;NA;-0.26977042546223;NA;NA;"+";NA;NA;NA;NA;NA;NA;NA;NA;NA;NA;7;-187.453573543993;390.137916318756;4.03333540119303;0.0102312326400113
0.836476232970763;"+";NA;NA;-0.604461151193328;"+";NA;NA;"+";NA;NA;NA;NA;NA;NA;NA;NA;NA;7;-187.582137796923;390.395044824616;4.29046390705298;0.00899690664769908
0.0577615975362208;"+";-0.134248925769551;-0.203445958567906;NA;"+";NA;NA;NA;NA;NA;NA;NA;NA;NA;NA;NA;NA;7;-187.588325386719;390.407420004206;4.30283908664376;0.00894140935424428
0.0984584888845206;"+";-0.125533749741774;-0.202122226641091;NA;NA;NA;NA;NA;0.0109052293388974;NA;NA;NA;NA;NA;NA;NA;NA;7;-187.619507633845;390.469784498459;4.36520358089655;0.00866689829656401
0.537426218704668;"+";NA;NA;-0.380740548714553;"+";NA;"+";"+";NA;NA;NA;NA;NA;NA;NA;NA;NA;8;-186.49186089141;390.583721782819;4.47914086525668;0.00818695745184964
0.475695998045933;"+";0.027595459412301;NA;-0.503113906587045;NA;NA;NA;NA;NA;NA;NA;NA;NA;NA;NA;NA;NA;6;-188.868405082758;390.649853643778;4.54527272621505;0.0079206747892797
0.486830008353293;"+";NA;NA;-0.503557698051509;"+";NA;NA;NA;NA;NA;NA;NA;NA;NA;NA;NA;NA;6;-188.871645791448;390.656335061156;4.55175414359343;0.00789504773699968
0.354013940243523;"+";NA;-0.160831630258813;-0.190994040450028;"+";NA;NA;NA;NA;NA;NA;"+";NA;NA;NA;NA;NA;8;-186.555277404501;390.710554809003;4.60597389143993;0.00768388916174916
0.544393566684743;"+";-0.234252491199189;-0.147683265999004;-0.379288642992571;NA;NA;NA;NA;0.282614353264782;-0.429018875052074;NA;NA;NA;NA;NA;NA;NA;9;-185.373415369062;390.769302648237;4.66472173067416;0.00746146593269423
0.179669045629212;"+";-0.23239987164409;-0.171786296976856;-0.0476140890200758;NA;NA;"+";NA;NA;-0.094836408297007;NA;NA;NA;NA;NA;NA;NA;9;-185.405497816316;390.833467542745;4.72888662518204;0.00722588308899625
0.252163853662888;"+";-0.113954614683915;-0.208371404777213;NA;"+";NA;NA;"+";NA;NA;NA;NA;NA;NA;NA;NA;NA;8;-186.631425958467;390.862851916933;4.75827099937084;0.00712049514815243
0.217630357835289;"+";-0.178645850753583;-0.171296402628091;-0.0789383290611808;NA;NA;"+";NA;0.064126502835271;NA;NA;NA;NA;NA;NA;NA;NA;9;-185.440625498852;390.903722907816;4.79914199025342;0.00697646101887527
0.382872210738674;"+";-0.181208232651294;-0.165502774161362;-0.255139693003615;NA;NA;NA;NA;NA;-0.154318269788528;NA;NA;NA;NA;NA;NA;NA;8;-186.653883133338;390.907766266676;4.80318534911351;0.00696237109858892
-0.356644030141996;NA;NA;NA;0.0582265488253379;NA;NA;NA;NA;NA;NA;NA;NA;NA;NA;NA;NA;NA;4;-191.245371960163;390.916275835219;4.81169491765598;0.0069328106428241
0.0589913382599063;"+";-0.216133582528604;-0.179937853422925;-0.00872839075907687;"+";NA;"+";NA;NA;NA;NA;NA;NA;NA;NA;NA;NA;9;-185.453840384145;390.930152678402;4.82557176083975;0.00688487437310288
0.19430661646654;"+";-0.324370967087465;-0.175763200249725;-0.0543449522015002;NA;"+";"+";NA;NA;NA;NA;NA;NA;NA;NA;NA;NA;9;-185.477093305669;390.97665852145;4.87207760388765;0.00672662790617747
-0.345014421012296;NA;0.0660241884341125;NA;NA;NA;NA;NA;NA;NA;NA;NA;NA;NA;NA;NA;NA;NA;4;-191.314450933655;391.054433782203;4.94985286464021;0.00647006615698241
0.157209145868256;"+";NA;NA;-0.154413409048514;"+";NA;"+";NA;NA;NA;NA;"+";NA;NA;NA;NA;NA;8;-186.746502110452;391.093004220904;4.98842330334162;0.00634648498708141
-0.35982107087755;NA;NA;NA;NA;"+";NA;NA;NA;NA;NA;NA;NA;NA;NA;NA;NA;NA;4;-191.339659086161;391.104850087216;5.00026916965317;0.00630900628222685
0.350139663177501;"+";-0.270333386487119;-0.153813478326468;-0.181929047782398;NA;NA;"+";NA;0.262297635234985;-0.35475217071958;NA;NA;NA;NA;NA;NA;NA;10;-184.310516290837;391.121032581673;5.01645166411072;0.00625816451665347
0.415701544567295;"+";-0.347959176679127;-0.171713046594761;-0.275755307496249;NA;"+";NA;NA;NA;NA;NA;NA;NA;NA;NA;NA;NA;8;-186.789718739003;391.179437478006;5.0748565604431;0.00607805343348256
0.140841896104321;"+";-0.592752823853848;-0.20912183364496;NA;NA;"+";NA;NA;0.151386360448988;NA;NA;NA;NA;NA;NA;NA;NA;8;-186.803666976895;391.20733395379;5.102753036227;0.00599386381165226
1.10462912015382;"+";NA;-0.156148680722598;-0.634040611606837;"+";NA;NA;"+";NA;NA;NA;"+";NA;NA;NA;NA;NA;9;-185.633086940051;391.288645790214;5.18406487265162;0.00575506495976487
0.123019201964131;"+";0.297274685580669;-0.159342275961274;-0.0351144145215926;NA;"+";"+";NA;NA;-0.551448945835835;NA;NA;"+";NA;NA;NA;NA;11;-183.159999043098;391.354480844816;5.24989992725318;0.00556870650883121
-0.35114896336949;NA;NA;-0.1041760393688;NA;"+";NA;NA;NA;NA;NA;NA;NA;NA;NA;NA;NA;NA;5;-190.363431352507;391.372023995336;5.26744307777324;0.00552007378520426
-0.330251084239781;NA;-0.000603263010746184;-0.103877635044974;NA;NA;NA;NA;NA;NA;NA;NA;NA;NA;NA;NA;NA;NA;5;-190.37143486823;391.388031026783;5.28345010922004;0.00547607011479635
-0.137610123273431;"+";0.036693216255519;NA;NA;NA;NA;NA;NA;NA;NA;NA;NA;NA;NA;NA;NA;NA;5;-190.410272306407;391.465705903137;5.36112498557458;0.00526747053625594
-0.154428921319801;"+";NA;NA;NA;"+";NA;NA;NA;NA;NA;NA;NA;NA;NA;NA;NA;NA;5;-190.413148522947;391.471458336216;5.36687741865376;0.00525234191739909
-0.360464949875182;NA;-0.0788325615920178;-0.18017509786061;0.234434774572923;NA;NA;NA;NA;NA;NA;NA;NA;NA;NA;NA;NA;NA;6;-189.279442902895;391.47192928405;5.36734836648759;0.00525110527347923
-0.401172533326516;NA;NA;-0.175601078216914;0.230129766392335;"+";NA;NA;NA;NA;NA;NA;NA;NA;NA;NA;NA;NA;6;-189.28617632939;391.48539613704;5.38081521947765;0.00521586611538531
0.375812722669345;"+";-0.172693704515384;-0.175288606646166;-0.117813102532319;"+";NA;"+";"+";NA;NA;NA;NA;NA;NA;NA;NA;NA;10;-184.595784611673;391.691569223346;5.586988305783;0.00470496631251951
0.455607372880365;"+";NA;NA;-0.405003414410599;"+";NA;NA;NA;NA;NA;NA;"+";NA;NA;NA;NA;NA;7;-188.247456564167;391.725682359103;5.62110144154059;0.00462539626031791
0.716118730420988;"+";-0.0779814931208934;-0.165697788286949;-0.375604679029788;"+";NA;NA;"+";NA;NA;NA;NA;NA;NA;NA;NA;NA;9;-185.8646106909;391.751693291913;5.64711237434994;0.00456563030909088
0.437457571755193;"+";-0.099964842593228;-0.167211893885511;-0.310387098483462;NA;NA;NA;NA;0.0393633020994758;NA;NA;NA;NA;NA;NA;NA;NA;8;-187.086525838581;391.773051677163;5.66847075960021;0.00451713248328774
0.381591158027311;"+";-0.114313121486899;-0.170300089354266;-0.279437845374127;"+";NA;NA;NA;NA;NA;NA;NA;NA;NA;NA;NA;NA;8;-187.130891695184;391.861783390368;5.75720247280486;0.00432110661170141
0.441705133504685;"+";-0.0534681203317234;NA;-0.46156490244421;NA;NA;NA;NA;NA;-0.16610569983693;NA;NA;NA;NA;NA;NA;NA;7;-188.321867744461;391.874504719691;5.7699238021288;0.0042937087283221
0.58397199024653;"+";-0.640522341197625;-0.166648957173532;-0.399000993239216;NA;"+";NA;NA;0.21180400856068;NA;NA;NA;NA;NA;NA;NA;NA;9;-185.971078464187;391.964628838487;5.86004792092444;0.004104520000057
0.0159314541618787;"+";-0.206248747140186;-0.180159980700343;0.105054886385125;"+";NA;"+";NA;NA;NA;NA;"+";NA;NA;NA;NA;NA;10;-184.744093994231;391.988187988462;5.88360707089913;0.00405645415235164
0.0662560896960886;"+";-0.387379080340697;-0.20591032482751;NA;"+";"+";NA;NA;NA;NA;NA;NA;NA;NA;NA;NA;NA;8;-187.195982929995;391.99196585999;5.88738494242722;0.00404879900334661
0.165216954953459;"+";0.548037196396936;NA;-0.226224904497315;NA;"+";"+";NA;NA;-0.650895324245485;NA;NA;"+";NA;NA;NA;NA;10;-184.761424239483;392.022848478965;5.91826756140244;0.00398676045575974
0.362492349129263;"+";-0.593564928538378;-0.170571146959865;-0.176826978628771;NA;"+";"+";NA;0.197364310087183;NA;NA;NA;NA;NA;NA;NA;NA;10;-184.763366669017;392.026733338034;5.92215242047092;0.00397902397072555
0.528971093455202;"+";NA;-0.159080598678253;-0.232080071708877;"+";NA;"+";"+";NA;NA;NA;"+";NA;NA;NA;NA;NA;10;-184.764545259331;392.029090518662;5.9245096010992;0.00397433709411015
0.244847013535236;"+";-0.0999658405463367;NA;-0.265704191891174;NA;NA;"+";NA;NA;-0.109429611050243;NA;NA;NA;NA;NA;NA;NA;8;-187.22455891185;392.0491178237;5.94453690613761;0.00393473805983327
1.24442323755727;"+";NA;NA;-0.867220135831445;"+";NA;NA;"+";NA;NA;NA;"+";NA;NA;NA;NA;NA;8;-187.278796860856;392.157593721712;6.05301280414915;0.00372701022466367
0.0196115762321842;"+";NA;NA;NA;"+";NA;NA;"+";NA;NA;NA;NA;NA;NA;NA;NA;NA;6;-189.656767307378;392.226578093016;6.1219971754536;0.00360064925655547
0.260464731467787;"+";-0.162634524587477;NA;-0.278550370927408;NA;"+";"+";NA;NA;NA;NA;NA;NA;NA;NA;NA;NA;8;-187.378702977446;392.357405954891;6.25282503732865;0.00337265493016175
0.481951365413267;"+";-0.188874558974641;NA;-0.496579505948446;NA;"+";NA;NA;NA;NA;NA;NA;NA;NA;NA;NA;NA;7;-188.580301667032;392.391372564834;6.28679164727123;0.00331585975295298
-0.426433454105805;NA;NA;-0.176126978336229;0.330750360721261;"+";NA;NA;NA;NA;NA;NA;"+";NA;NA;NA;NA;NA;7;-188.59989241306;392.430554056888;6.32597313932581;0.0032515317607458
0.183310261093111;"+";-0.0627691435280971;NA;-0.253281785836178;"+";NA;"+";NA;NA;NA;NA;NA;NA;NA;NA;NA;NA;8;-187.417879788951;392.435759577903;6.33117866034002;0.00324307980626938
0.0528224814556555;"+";-0.258138850191085;-0.200669196247914;NA;"+";NA;NA;NA;NA;NA;"+";NA;NA;NA;NA;NA;NA;8;-187.486437563382;392.572875126765;6.46829420920187;0.0030281917565787
-0.362002177563129;NA;-0.152731226927043;-0.175273156910213;0.246420890156324;NA;NA;NA;NA;NA;-0.169433496855585;NA;NA;NA;NA;NA;NA;NA;7;-188.714743275046;392.660255780861;6.55567486329841;0.00289873760710007
0.251284090728444;"+";-0.338011028138728;-0.210329452194225;NA;"+";"+";NA;"+";NA;NA;NA;NA;NA;NA;NA;NA;NA;9;-186.321763251629;392.66599841337;6.56141749580712;0.00289042635252202
0.847884694919127;"+";0.0696314768846077;NA;-0.611803979981891;"+";NA;NA;"+";NA;NA;NA;NA;NA;NA;NA;NA;NA;8;-187.550770209851;392.701540419703;6.59695950214001;0.00283951429568546
0.0578856711354247;"+";-0.131895078389098;-0.203687959136002;NA;"+";NA;NA;NA;0.011572067103481;NA;NA;NA;NA;NA;NA;NA;NA;8;-187.583481854802;392.766963709605;6.66238279204219;0.00274813189504625
-0.307964278751804;"+";NA;-0.144411344621902;0.307670089078061;"+";NA;"+";"+";NA;NA;NA;"+";NA;NA;"+";NA;NA;11;-183.931564685037;392.897612128695;6.7930312111323;0.00257435021969204
0.68082405721229;"+";NA;NA;-0.474737021687115;"+";NA;"+";"+";NA;NA;NA;"+";NA;NA;NA;NA;NA;9;-186.46804647586;392.958564861832;6.85398394426892;0.00249707686518298
0.488388438942109;"+";0.0288384486408291;NA;-0.505045216113168;"+";NA;NA;NA;NA;NA;NA;NA;NA;NA;NA;NA;NA;7;-188.866344552677;392.963458336124;6.85887741856129;0.00249097464277144
0.347517152951892;"+";-0.101694338689627;-0.169847326693681;-0.178210077386152;"+";NA;NA;NA;NA;NA;NA;"+";NA;NA;NA;NA;NA;9;-186.490156153034;393.002784216181;6.89820329861811;0.00244247316129128
0.533481374654606;"+";-0.0119364106973356;NA;-0.378099014559191;"+";NA;"+";"+";NA;NA;NA;NA;NA;NA;NA;NA;NA;9;-186.490986246231;393.004444402574;6.89986348501139;0.00244044652220315
0.0588173532480785;"+";-0.253956131795046;-0.177569618024792;-0.00957704989953926;"+";NA;"+";NA;NA;-0.0964255695336418;NA;NA;NA;NA;NA;NA;NA;10;-185.269176682411;393.038353364822;6.93377244725957;0.00239941880235426
0.249015944660764;"+";-0.247620087044175;-0.205448616477935;NA;"+";NA;NA;"+";NA;NA;"+";NA;NA;NA;NA;NA;NA;9;-186.509308311918;393.041088533949;6.93650761638656;0.00239613963701783
-0.355015752057242;NA;0.0593122517676123;NA;0.0567728896023741;NA;NA;NA;NA;NA;NA;NA;NA;NA;NA;NA;NA;NA;5;-191.222534870381;393.090231031085;6.98565011352213;0.00233798093640021
0.0989826014227723;"+";-0.198875370972987;-0.176943023896076;-0.0415020807911558;"+";NA;"+";NA;0.0646690939944254;NA;NA;NA;NA;NA;NA;NA;NA;10;-185.308236582335;393.116473164669;7.01189224710669;0.00230750451121976
-0.123289776813511;"+";-0.188112522583221;NA;NA;NA;"+";NA;NA;NA;NA;NA;NA;NA;NA;NA;NA;NA;6;-190.105662119798;393.124367717857;7.0197868002939;0.00229841410564867
-0.373959531248129;NA;NA;NA;0.0589439845239009;"+";NA;NA;NA;NA;NA;NA;NA;NA;NA;NA;NA;NA;5;-191.240112183817;393.125385657957;7.02080474039406;0.00229724457935839
0.486245061876185;"+";-0.244321728828046;-0.150380623333488;-0.367444480641935;"+";NA;NA;NA;0.286023799651128;-0.435357977850247;NA;NA;NA;NA;NA;NA;NA;10;-185.327252740153;393.154505480307;7.04992456274414;0.00226403922246011
-0.337902556338679;"+";NA;NA;0.199840008183147;"+";NA;"+";"+";NA;NA;NA;"+";NA;NA;"+";NA;NA;10;-185.331749772332;393.163499544663;7.05891862710081;0.00225388062411554
0.0426585038884677;"+";-0.353773869912492;-0.177300158769314;-0.000967465875347254;"+";NA;"+";NA;NA;NA;"+";NA;NA;NA;NA;NA;NA;10;-185.331753905292;393.163507810583;7.05892689302078;0.00225387130893636
0.0726141882892488;"+";-0.351119762897138;-0.181738873218725;-0.015954068321069;"+";"+";"+";NA;NA;NA;NA;NA;NA;NA;NA;NA;NA;10;-185.337908568434;393.175817136868;7.07123621930526;0.00224004209100689
0.564040558542423;"+";-0.341750412435148;-0.15019540332222;-0.390612000134726;NA;"+";NA;NA;0.289744956783862;-0.370937151240501;NA;NA;NA;NA;NA;NA;NA;10;-185.343621355603;393.187242711206;7.08266179364307;0.00222728169072105
-0.355681040487769;NA;0.0648856633479174;NA;NA;"+";NA;NA;NA;NA;NA;NA;NA;NA;NA;NA;NA;NA;5;-191.312437901765;393.270037093853;7.16545617629077;0.00213696089643916
0.252263907368682;"+";-0.11154130480477;-0.208608101788584;NA;"+";NA;NA;"+";0.0120693047616626;NA;NA;NA;NA;NA;NA;NA;NA;9;-186.6260422167;393.274556343512;7.16997542594908;0.00213213761799078
0.342966994340235;"+";-0.187475161455624;-0.167452899949764;-0.246451178161448;"+";NA;NA;NA;NA;-0.156307330487648;NA;NA;NA;NA;NA;NA;NA;9;-186.633881983624;393.29023587736;7.18565495979709;0.00211548750778638
0.173458711808075;"+";-0.190653726337626;-0.170536304621652;-0.0446745083121962;NA;"+";"+";NA;NA;-0.120002035040662;NA;NA;NA;NA;NA;NA;NA;10;-185.400930045082;393.301860090163;7.19727917260042;0.00210322773137406
0.219459851986865;"+";-0.293922416269625;-0.159757752288258;-0.142051134666507;"+";NA;"+";NA;0.266904237693118;-0.361261583553575;NA;NA;NA;NA;NA;NA;NA;11;-184.138128324222;393.310739407064;7.20615848950132;0.00209391081586805
0.23928523259179;"+";0.144747082168537;-0.15228695867024;-0.119968965477375;NA;"+";"+";NA;0.150696568551754;-0.601933328315007;NA;NA;"+";NA;NA;NA;NA;12;-182.844653049533;393.31721307581;7.21263215824695;0.00208714413059331
0.381240554727332;"+";-0.169494325578902;-0.165170130443178;-0.254340228553587;NA;"+";NA;NA;NA;-0.161469666450612;NA;NA;NA;NA;NA;NA;NA;9;-186.653524816834;393.329521543781;7.22494062621843;0.00207433880116483
-0.0483344435177562;"+";0.272573964977889;-0.167407108737024;0.019131869518562;"+";"+";"+";NA;NA;-0.561614303574003;NA;NA;"+";NA;NA;NA;NA;12;-182.880843396293;393.389593769329;7.28501285176662;0.00201296012976974
0.0778403664449104;"+";-0.622035499095127;-0.211968296701514;NA;"+";"+";NA;NA;0.158222518924164;NA;NA;NA;NA;NA;NA;NA;NA;9;-186.711530995169;393.44553390045;7.34095298288736;0.00195743760694371
0.147516664563974;"+";-0.047943688314603;NA;-0.146828780073034;"+";NA;"+";NA;NA;NA;NA;"+";NA;NA;NA;NA;NA;9;-186.732404620448;393.487281151008;7.38270023344563;0.00191700227200059
0.375774309249188;"+";-0.357784516908653;-0.173776510103375;-0.267152077735909;"+";"+";NA;NA;NA;NA;NA;NA;NA;NA;NA;NA;NA;9;-186.769330473494;393.5611328571;7.45655193953775;0.00184750632282466
0.659947052966766;"+";-0.139611627260623;-0.163972325631711;-0.339738830048084;"+";NA;NA;"+";NA;-0.123943050756238;NA;NA;NA;NA;NA;NA;NA;10;-185.550697036191;393.601394072382;7.49681315481916;0.00181068674159085
-0.32733025911259;NA;0.00293262839724627;-0.105109675658069;NA;NA;NA;NA;NA;0.0248402642521983;NA;NA;NA;NA;NA;NA;NA;NA;6;-190.349977608046;393.612998694352;7.50841777678949;0.00180021099517907
0.363382018337495;"+";-0.336842594362051;-0.155421745218488;-0.189595943117702;NA;"+";"+";NA;0.26676387003211;-0.319326458313365;NA;NA;NA;NA;NA;NA;NA;11;-184.299007381715;393.632497522051;7.52791660448855;0.00178274527179773
-0.351327624711702;NA;-0.00299535901887178;-0.104318382023888;NA;"+";NA;NA;NA;NA;NA;NA;NA;NA;NA;NA;NA;NA;6;-190.363373576557;393.639790631375;7.53520971381198;0.00177625623222554
-0.33684236161226;NA;-0.199577754477681;-0.165389315417255;0.226535420697428;NA;NA;NA;NA;0.205902813763476;-0.371433406631533;NA;NA;NA;NA;NA;NA;NA;8;-188.032020180386;393.664040360773;7.55945944321007;0.00175484940543322
0.697037608178912;"+";-0.284287147210376;-0.168822127247997;-0.360263721312844;"+";"+";NA;"+";NA;NA;NA;NA;NA;NA;NA;NA;NA;10;-185.604143278803;393.708286557607;7.60370564004387;0.00171645298919939
-0.408152000590585;NA;-0.0859935679769078;-0.182751961843109;0.239176184163222;"+";NA;NA;NA;NA;NA;NA;NA;NA;NA;NA;NA;NA;7;-189.23912058172;393.70901039421;7.60442947664723;0.00171583188584975
1.08402706587766;"+";-0.0612697118112701;-0.161834960141414;-0.616005080953416;"+";NA;NA;"+";NA;NA;NA;"+";NA;NA;NA;NA;NA;10;-185.609461288773;393.718922577546;7.61434165998321;0.0017073491038227
-0.153769713707475;"+";0.0346831863689061;NA;NA;"+";NA;NA;NA;NA;NA;NA;NA;NA;NA;NA;NA;NA;6;-190.40535068093;393.723744840121;7.61916392255807;0.00170323741987677
-0.360488623719077;NA;-0.0788693569209031;-0.180178794702843;0.23446577263304;NA;NA;NA;NA;-0.00017858330257365;NA;NA;NA;NA;NA;NA;NA;NA;7;-189.279441802785;393.789652836338;7.68507191877563;0.00164802369032851
0.772626291414027;"+";-0.194565542658865;-0.148040348409244;-0.451475037240124;"+";NA;NA;"+";0.26517216304191;-0.384740109632734;NA;NA;NA;NA;NA;NA;NA;11;-184.4071162695;393.848715297621;7.7441343800586;0.00160006711612137
0.427430514022052;"+";-0.152654882939724;-0.171772266451152;-0.158945491897787;"+";NA;"+";"+";0.0705726686877629;NA;NA;NA;NA;NA;NA;NA;NA;11;-184.419266830256;393.873016419133;7.76843550157042;0.00158074304033557
0.358561210269147;"+";-0.315247484966636;-0.172830096988329;-0.107583606040694;"+";NA;"+";"+";NA;NA;"+";NA;NA;NA;NA;NA;NA;11;-184.462459911436;393.959402581492;7.85482166392967;0.00151391942553656
0.300354591549711;"+";0.31033452276811;-0.163357741085468;-0.105810267329863;"+";"+";"+";"+";NA;-0.531800307454989;NA;NA;"+";NA;NA;NA;NA;13;-181.854659592588;393.991672126352;7.8870912087894;0.0014896886845395
0.362593497742916;"+";-0.204519655393139;-0.173690618018565;-0.1130318345768;"+";NA;"+";"+";NA;-0.0754597126009299;NA;NA;NA;NA;NA;NA;NA;11;-184.482208409791;393.998899578202;7.89431866063944;0.00148431507314721
0.703880347721897;"+";-0.204608226435776;-0.163576022287403;-0.367027612914991;"+";NA;NA;"+";NA;NA;"+";NA;NA;NA;NA;NA;NA;10;-185.758576885382;394.017153770764;7.91257285320137;0.00147082922350587
-0.357158212854328;NA;-0.0276444050046408;NA;0.0758160682981807;NA;NA;NA;NA;NA;-0.186084471308842;NA;NA;NA;NA;NA;NA;NA;6;-190.562965538904;394.038974556069;7.93439363850587;0.00145486912295437
0.759572004439396;"+";-0.0634006857233625;-0.163282116227506;-0.411434638099728;"+";NA;NA;"+";0.0490389149115479;NA;NA;NA;NA;NA;NA;NA;NA;10;-185.779237458793;394.058474917587;7.95389400002387;0.00144075281612806
0.381686758077664;"+";-0.287192803024037;-0.176818928752758;-0.121981895727089;"+";"+";"+";"+";NA;NA;NA;NA;NA;NA;NA;NA;NA;11;-184.512072691884;394.058628142388;7.9540472248255;0.00144064244082395
0.458393851482605;"+";0.0441734856235769;NA;-0.407244056465911;"+";NA;NA;NA;NA;NA;NA;"+";NA;NA;NA;NA;NA;8;-188.234944470317;394.069888940635;7.96530802307228;0.00143255384127822
-0.398611206760183;NA;NA;NA;0.157487469114343;"+";NA;NA;NA;NA;NA;NA;"+";NA;NA;NA;NA;NA;6;-190.592393413395;394.09783030505;7.99324938748748;0.00141267924093838
0.370530090524447;"+";-0.233627893411815;-0.168132749553679;-0.273124245236524;"+";NA;NA;NA;NA;NA;"+";NA;NA;NA;NA;NA;NA;9;-187.039326772084;394.10112545428;7.99654453671707;0.00141035366278999
0.0603407717959302;"+";-0.186439196864432;-0.176710934884744;0.0697768315490729;"+";NA;"+";NA;0.0711326677241246;NA;NA;"+";NA;NA;NA;NA;NA;11;-184.565617246685;394.16571725199;8.06113633442749;0.00136553268612676
0.422460888235914;"+";0.0633447273995966;NA;-0.447898984014527;NA;"+";NA;NA;NA;-0.239380453923087;NA;NA;NA;NA;NA;NA;NA;8;-188.28440080083;394.168801601661;8.06422068409819;0.00136342841897234
0.410705803597872;"+";-0.103582471850818;-0.168547806411891;-0.304690845502395;"+";NA;NA;NA;0.0392720647209305;NA;NA;NA;NA;NA;NA;NA;NA;9;-187.07746579069;394.177403491493;8.07282257393013;0.00135757698082211
0.231578778271193;"+";-0.630033314432574;-0.17700020889817;-0.136903833326311;"+";"+";"+";NA;0.202613820279485;NA;NA;NA;NA;NA;NA;NA;NA;11;-184.587736375423;394.209955509466;8.10537459190306;0.00133565989089185
0.402156573250929;"+";-0.170427733552412;-0.174932477552911;-0.135347359906704;"+";NA;"+";"+";NA;NA;NA;"+";NA;NA;NA;NA;NA;11;-184.595005999774;394.224494758168;8.11991384060531;0.00132598535295865
0.440748173081208;"+";-0.0535865879461177;NA;-0.461407823261441;"+";NA;NA;NA;NA;-0.166156439279295;NA;NA;NA;NA;NA;NA;NA;8;-188.321856271006;394.243712542012;8.13913162444959;0.00131330512206036
0.0449581951294114;"+";0.539636873324708;NA;-0.194069845587857;"+";"+";"+";NA;NA;-0.661969894752381;NA;NA;"+";NA;NA;NA;NA;11;-184.625057243643;394.284597245907;8.18001632834387;0.00128673062458408
0.000182050765503544;"+";-0.335016096242756;-0.177881972991333;0.112320953490279;"+";NA;"+";NA;NA;NA;"+";"+";NA;NA;NA;NA;NA;11;-184.637363575799;394.309209910219;8.2046289926563;0.00127099272664152
0.0179648674743069;"+";-0.234792223771041;-0.178385918206971;0.0985813266720782;"+";NA;"+";NA;NA;-0.0715400874648945;NA;"+";NA;NA;NA;NA;NA;11;-184.643036795478;394.320556349576;8.21597543201381;0.00126380252078683
0.252192755571197;"+";-0.553255125942425;-0.215415215922614;NA;"+";"+";NA;"+";0.143521126422627;NA;NA;NA;NA;NA;NA;NA;NA;10;-185.917335864958;394.334671729916;8.23009081235335;0.0012549143958691
0.0625258132540272;"+";-0.449638811003589;-0.204014542584351;NA;"+";"+";NA;NA;NA;NA;"+";NA;NA;NA;NA;NA;NA;9;-187.156506103303;394.335484116718;8.23090319915576;0.0012544047614345
0.217349215394743;"+";0.0541253316434083;NA;-0.246352042873743;NA;"+";"+";NA;NA;-0.205022264924484;NA;NA;NA;NA;NA;NA;NA;9;-187.158716428087;394.339904766287;8.23532384872442;0.00125163518146392
0.529243715674247;"+";-0.659241343059212;-0.16950324714958;-0.388435255677911;"+";"+";NA;NA;0.215143406373659;NA;NA;NA;NA;NA;NA;NA;NA;10;-185.928519041249;394.357038082498;8.25245716493509;0.00124095864719484
0.0282002965513601;"+";-0.315578554924814;-0.181569470647819;0.0961123192000566;"+";"+";"+";NA;NA;NA;NA;"+";NA;NA;NA;NA;NA;11;-184.667480849361;394.369444457343;8.26486353977998;0.00123328457458601
0.178940669347079;"+";-0.109698877277243;NA;-0.248239206260707;"+";NA;"+";NA;NA;-0.110539451727559;NA;NA;NA;NA;NA;NA;NA;9;-187.184173099853;394.390818109818;8.28623719225573;0.00122017485206849
-0.0870091032868399;"+";0.271046140498948;-0.168497957243427;0.132795094289223;"+";"+";"+";NA;NA;-0.521608808216786;NA;"+";"+";NA;NA;NA;NA;13;-182.064104471296;394.410561883769;8.30598096620662;0.00120818868422735
0.780753474484572;"+";0.000317592597899612;NA;-0.565842720750236;"+";NA;NA;"+";NA;-0.131742509265879;NA;NA;NA;NA;NA;NA;NA;9;-187.206612639593;394.435697189298;8.33111627173525;0.0011930996041341
1.27392554238785;"+";0.0873833349572861;NA;-0.886142865946909;"+";NA;NA;"+";NA;NA;NA;"+";NA;NA;NA;NA;NA;9;-187.229198487897;394.480868885907;8.37628796834417;0.00116645447159992
0.154872387843018;"+";-0.238888775470928;NA;-0.233770252970479;"+";NA;"+";NA;NA;NA;"+";NA;NA;NA;NA;NA;NA;9;-187.236060292917;394.494592495947;8.39001157838453;0.00115847788663394
0.0229200811299795;"+";0.0589957511523666;NA;NA;"+";NA;NA;"+";NA;NA;NA;NA;NA;NA;NA;NA;NA;7;-189.63394486304;394.498658956849;8.39407803928646;0.00115612482708487
0.495372924603915;"+";-0.245354631431079;-0.156885285627633;-0.236443562221597;"+";NA;"+";"+";0.251732742672579;-0.326122305548554;NA;NA;NA;NA;NA;NA;NA;12;-183.458094040402;394.544095057547;8.43951413998457;0.0011301560222479
0.851999259567811;"+";-0.577123029452476;-0.164045853993465;-0.487744049542945;"+";"+";NA;"+";0.210712910940318;NA;NA;NA;NA;NA;NA;NA;NA;11;-184.776545110028;394.587572978677;8.48299206111392;0.00110585272634556
0.19587985199706;"+";-0.174198312219858;NA;-0.261506603536787;"+";"+";"+";NA;NA;NA;NA;NA;NA;NA;NA;NA;NA;9;-187.33965386554;394.701779641193;8.59719872362984;0.00104447399451076
-0.432428220264208;NA;-0.0747888230484059;-0.1823931467425;0.338114264443582;"+";NA;NA;NA;NA;NA;NA;"+";NA;NA;NA;NA;NA;8;-188.5639825413;394.727965082599;8.62338416503655;0.00103088812031976
0.831659823358511;"+";-0.109623657360731;NA;-0.600704674887362;"+";"+";NA;"+";NA;NA;NA;NA;NA;NA;NA;NA;NA;9;-187.354754442227;394.731980794566;8.6273998770032;0.0010288203220545
0.316586995005648;"+";-0.166691576730553;-0.16748411748945;-0.158494987859832;"+";NA;NA;NA;NA;-0.135632349661111;NA;"+";NA;NA;NA;NA;NA;10;-186.117551791375;394.73510358275;8.63052266518741;0.00102721518153637
0.425874453222666;"+";0.575986610304643;NA;-0.33646299712825;"+";"+";"+";"+";NA;-0.623966759163831;NA;NA;"+";NA;NA;NA;NA;12;-183.554231969286;394.736370915317;8.63178999775448;0.00102656447609671
0.483845717005363;"+";-0.188490028671765;NA;-0.496874688860179;"+";"+";NA;NA;NA;NA;NA;NA;NA;NA;NA;NA;NA;8;-188.58025557542;394.76051115084;8.65593023327693;0.00101424820095358
0.825769844744441;"+";-0.0875842622192156;NA;-0.593637371004464;"+";NA;NA;"+";NA;NA;"+";NA;NA;NA;NA;NA;NA;9;-187.398150777524;394.81877346516;8.71419254759735;0.000985128186373017
0.343508845248943;"+";-0.324143416264703;-0.17301384836562;-0.171468028545737;"+";"+";NA;NA;NA;NA;NA;"+";NA;NA;NA;NA;NA;10;-186.187070418524;394.874140837048;8.769559919485;0.000958230241999117
0.458843397941475;"+";-0.222520328357301;-0.150958314668523;-0.288059955230494;"+";NA;NA;NA;0.272650677163272;-0.404185345058682;NA;"+";NA;NA;NA;NA;NA;11;-184.927221341354;394.888925441328;8.78434452376564;0.000951172831922394
0.177198115998866;"+";-0.272607025432957;-0.161070457839354;-0.0426103500302712;"+";NA;"+";NA;0.251258489540094;-0.323659511310854;NA;"+";NA;NA;NA;NA;NA;12;-183.638819499199;394.905545975141;8.80096505757876;0.00094330108527488
-0.420556439106328;NA;-0.162996210509127;-0.178360536020341;0.252510922335027;"+";NA;NA;NA;NA;-0.172747834870942;NA;NA;NA;NA;NA;NA;NA;8;-188.653844429417;394.907688858835;8.80310794127234;0.000942290934273659
0.0523980444134667;"+";-0.271346157386871;-0.200821096435374;NA;"+";NA;NA;NA;0.0291286493147387;NA;"+";NA;NA;NA;NA;NA;NA;9;-187.458248597593;394.938969105299;8.83438818773595;0.000927668037970053
0.249069774967236;"+";-0.412246904709987;-0.208112876599629;NA;"+";"+";NA;"+";NA;NA;"+";NA;NA;NA;NA;NA;NA;10;-186.263260451269;395.026520902538;8.92193998497578;0.000887934565223187
0.468432940611668;"+";-0.124372334792802;NA;-0.489821787796118;"+";NA;NA;NA;NA;NA;"+";NA;NA;NA;NA;NA;NA;8;-188.726379014511;395.052758029022;8.94817711145936;0.000876362211763275
0.502895857860996;"+";-0.188377671993787;NA;-0.355435556383241;"+";NA;"+";"+";NA;NA;"+";NA;NA;NA;NA;NA;NA;10;-186.303235250766;395.106470501532;9.00188958396967;0.000853139652202261
0.544701203318875;"+";-0.561491651887072;-0.171507773930729;-0.250655872796663;"+";"+";"+";"+";0.200796944853416;NA;NA;NA;NA;NA;NA;NA;NA;12;-183.759780180498;395.147467337741;9.04288642017832;0.000835829658764078
0.512891050188314;"+";-0.0521068733764208;NA;-0.36658019159433;"+";NA;"+";"+";NA;-0.0874975203410135;NA;NA;NA;NA;NA;NA;NA;10;-186.343673942641;395.187347885281;9.08276696771878;0.000819328056545415
0.0901867762597368;"+";-0.387915890256452;-0.172038157398723;-0.0418560889954292;"+";NA;"+";NA;0.0889167980012804;NA;"+";NA;NA;NA;NA;NA;NA;11;-185.07862092423;395.191724607081;9.08714368951786;0.000817537031481942
-0.362287115319389;NA;-0.0916340132059424;NA;NA;"+";NA;NA;NA;NA;NA;"+";NA;NA;NA;NA;NA;NA;6;-191.159732175292;395.232507828845;9.12792691128237;0.000801034958200031
-0.367002020445522;"+";-0.137585250020345;-0.157492192564637;0.355988433111872;"+";NA;"+";"+";NA;NA;NA;"+";NA;NA;"+";NA;NA;12;-183.819803516986;395.267514010717;9.16293309315449;0.000787136359529221
0.337115201129871;"+";-0.211132441118977;-0.167988052202339;-0.172649145379322;"+";NA;NA;NA;NA;NA;"+";"+";NA;NA;NA;NA;NA;10;-186.413015172264;395.326030344529;9.2214494269661;0.000764439840881388
0.0174288337967822;"+";0.544001784056575;NA;-0.092724120949312;"+";"+";"+";NA;NA;-0.622228058031617;NA;"+";"+";NA;NA;NA;NA;12;-183.854797399776;395.337501776296;9.23292085873345;0.000760067781575089
0.381115017225887;"+";-0.0889888654451502;-0.167764827407553;-0.206738739252547;"+";NA;NA;NA;0.0447910681530561;NA;NA;"+";NA;NA;NA;NA;NA;10;-186.419805733584;395.339611467169;9.23503054960611;0.000759266450259038
-0.369933418662381;NA;0.0576169501513797;NA;0.0574247721590432;"+";NA;NA;NA;NA;NA;NA;NA;NA;NA;NA;NA;NA;6;-191.218667984605;395.350379447471;9.24579852990809;0.000755189552007086
0.539258579101504;"+";-0.103320744076589;NA;-0.383147877017388;"+";"+";"+";"+";NA;NA;NA;NA;NA;NA;NA;NA;NA;10;-186.438091167262;395.376182334525;9.27160141696226;0.000745509096845797
0.0683497120251992;"+";0.118799548784754;-0.160209951773428;-0.0665566362491213;"+";"+";"+";NA;0.152739093872266;-0.613342746664147;NA;NA;"+";NA;NA;NA;NA;13;-182.556903746589;395.396160434355;9.29157951679264;0.000738099239595695
-0.148487076288742;"+";-0.194520920494226;NA;NA;"+";"+";NA;NA;NA;NA;NA;NA;NA;NA;NA;NA;NA;7;-190.093515292539;395.417799815847;9.31321889828405;0.000730156281744587
0.680703990048982;"+";-0.00015628003740755;NA;-0.474657509770026;"+";NA;"+";"+";NA;NA;NA;"+";NA;NA;NA;NA;NA;10;-186.46804633049;395.43609266098;9.33151174341782;0.000723508412308429
0.248839541588111;"+";-0.261908079314824;-0.205577788224789;NA;"+";NA;NA;"+";0.0311979608773732;NA;"+";NA;NA;NA;NA;NA;NA;10;-186.476296804492;395.452593608984;9.34801269142179;0.000717563682105062
0.18974471895175;"+";-0.589989317814303;-0.176402308431612;-0.0297504546596251;"+";"+";"+";NA;0.200255600529153;NA;NA;"+";NA;NA;NA;NA;NA;12;-183.926145859868;395.480198696481;9.37561777891824;0.000707727516202768
0.0482775818488884;"+";-0.335707404203565;-0.176338036171713;-0.00439125202399135;"+";NA;"+";NA;NA;-0.0784391325051991;"+";NA;NA;NA;NA;NA;NA;11;-185.22479878235;395.48408032332;9.3794994057572;0.000706355281198781
0.0564410170925195;"+";-0.442805593761713;-0.179257472851342;-0.00805241266406008;"+";"+";"+";NA;NA;NA;"+";NA;NA;NA;NA;NA;NA;11;-185.255924400601;395.546331559823;9.44175064226033;0.000684708173789287
0.054604385774347;"+";-0.220753647510378;-0.176540639591209;-0.00751547444827639;"+";"+";"+";NA;NA;-0.116351154836047;NA;NA;NA;NA;NA;NA;NA;11;-185.266316348434;395.567115455488;9.46253453792559;0.00067762956613043
1.02605108249222;"+";-0.123625199138217;-0.160215957851203;-0.578325722804888;"+";NA;NA;"+";NA;-0.124117847091842;NA;"+";NA;NA;NA;NA;NA;11;-185.293091005519;395.620664769659;9.5160838520967;0.000659727003839075
0.504554118071852;"+";-0.360062416989217;-0.153198599780835;-0.37902281134751;"+";"+";NA;NA;0.293832243238924;-0.373360525514927;NA;NA;NA;NA;NA;NA;NA;11;-185.293094404958;395.620671568538;9.51609065097495;0.000659724761141099
0.120041120907903;"+";-0.21271731894722;NA;-0.128707941564469;"+";NA;"+";NA;NA;NA;"+";"+";NA;NA;NA;NA;NA;10;-186.57309773611;395.646195472221;9.54161455465817;0.000651358881530838
-0.157565564801667;"+";-0.141361722954084;NA;NA;"+";NA;NA;NA;NA;NA;"+";NA;NA;NA;NA;NA;NA;7;-190.21370628534;395.658181801449;9.55360088388636;0.00064746685495842
0.48429094334616;"+";-0.290019978961339;-0.14954867538277;-0.367127184842847;"+";NA;NA;NA;0.287632696258204;-0.427226597087738;"+";NA;NA;NA;NA;NA;NA;11;-185.312403303946;395.659289366513;9.55470844895007;0.000647108398386845
0.418901375220922;"+";-0.0297873820580931;NA;-0.378127448612672;"+";NA;NA;NA;NA;-0.145207871212723;NA;"+";NA;NA;NA;NA;NA;9;-187.821120033562;395.664711977236;9.56013105967287;0.000645356266272841
0.0724616927379992;"+";-0.759707898661944;-0.2091210382415;NA;"+";"+";NA;NA;0.17571751832056;NA;"+";NA;NA;NA;NA;NA;NA;10;-186.586058164333;395.672116328666;9.56753541110322;0.000642971461183817
0.145922268870302;"+";-0.0854769612369934;NA;-0.149105004264858;"+";NA;"+";NA;NA;-0.0858207928469606;NA;"+";NA;NA;NA;NA;NA;10;-186.592442364451;395.684884728903;9.58030381134012;0.000638879677984299
-0.329294994064674;"+";0.0163639874337382;NA;0.194375052085943;"+";NA;"+";"+";NA;NA;NA;"+";NA;NA;"+";NA;NA;11;-185.330113087536;395.694708933692;9.59012801612977;0.000635749130667233
0.499180556477124;"+";-0.622197239696927;-0.168446503393855;-0.296908518616568;"+";"+";NA;NA;0.213309751084448;NA;NA;"+";NA;NA;NA;NA;NA;11;-185.351075908283;395.736634575186;9.63205365762377;0.000622560751371307
1.05397452073012;"+";-0.262521563679216;-0.165021686813607;-0.593265916217049;"+";"+";NA;"+";NA;NA;NA;"+";NA;NA;NA;NA;NA;11;-185.362100903115;395.75868456485;9.65410364728774;0.000615734719927697
0.341772121994528;"+";-0.21239713897747;-0.16705555052995;-0.246199714382506;"+";NA;NA;NA;NA;-0.151029903971787;"+";NA;NA;NA;NA;NA;NA;10;-186.629602609503;395.759205219007;9.6546243014439;0.000615574448369604
0.342018307351926;"+";-0.179509552027812;-0.167219839765432;-0.245944038162361;"+";"+";NA;NA;NA;-0.161148371457215;NA;NA;NA;NA;NA;NA;NA;10;-186.633717644999;395.767435289997;9.66285437243442;0.00061304654244309
0.207986012617841;"+";-0.389204774029458;-0.158136932978374;-0.136197832441538;"+";NA;"+";NA;0.269517512178842;-0.34262682375646;"+";NA;NA;NA;NA;NA;NA;12;-184.075176499262;395.778259975268;9.67367905770493;0.000609737487451537
-0.356347685694701;NA;-0.11768432956012;-0.100995009684488;NA;"+";NA;NA;NA;NA;NA;"+";NA;NA;NA;NA;NA;NA;7;-190.276753832815;395.7842768964;9.67969597883706;0.000607905872816558
1.16249786811598;"+";-0.178077193636147;-0.143971600942477;-0.706405078536505;"+";NA;NA;"+";0.267364672083464;-0.386490871613829;NA;"+";NA;NA;NA;NA;NA;12;-184.118030710045;395.863968396834;9.75938747927171;0.000584159642149577
0.15812097933021;"+";-0.134651982062727;NA;-0.155471231338911;"+";"+";"+";NA;NA;NA;NA;"+";NA;NA;NA;NA;NA;10;-186.684832891313;395.869665782627;9.76508486506407;0.000582497918720362
0.233225504757573;"+";-0.372511156221107;-0.161739739785841;-0.150424874971636;"+";"+";"+";NA;0.272214336125526;-0.319651798491268;NA;NA;NA;NA;NA;NA;NA;12;-184.122213983205;395.872334943155;9.76775402559224;0.000581721047008302
-0.413479904564963;NA;-0.205593545161525;-0.179837110685026;0.23918907963105;"+";NA;NA;NA;NA;NA;"+";NA;NA;NA;NA;NA;NA;8;-189.142967500038;395.885935000077;9.78135408251416;0.000577778746401585
-0.409552129960996;NA;-0.213727046128181;-0.168947771196775;0.233357583218053;"+";NA;NA;NA;0.211909482848659;-0.381533793955669;NA;NA;NA;NA;NA;NA;NA;9;-187.934361006163;395.891193922438;9.78661300487533;0.000576261495267629
-0.349323227464611;NA;0.000490713727231523;-0.105598884092646;NA;"+";NA;NA;NA;0.0252876909495304;NA;NA;NA;NA;NA;NA;NA;NA;7;-190.34114763998;395.91306451073;9.80848359316695;0.000569994235927617
0.420651534416944;"+";-0.350788106039286;-0.166901008288698;-0.1581102609197;"+";NA;"+";"+";0.0962526906112875;NA;"+";NA;NA;NA;NA;NA;NA;12;-184.160836900425;395.949580777595;9.84499986003198;0.000559681636006932
1.10099313833952;"+";-0.209809469847684;-0.15895416585264;-0.626347429887715;"+";NA;NA;"+";NA;NA;"+";"+";NA;NA;NA;NA;NA;11;-185.459875206151;395.954233170922;9.84965225335941;0.00055838121955112
0.369169847871888;"+";-0.417666141529301;-0.172209400783808;-0.264015267372757;"+";"+";NA;NA;NA;NA;"+";NA;NA;NA;NA;NA;NA;10;-186.734245926196;395.968491852391;9.86391093482877;0.000554414486474528
-0.0535386318823105;"+";0.194845372252506;-0.16721133433466;0.0221359400061325;"+";"+";"+";NA;NA;-0.536199293700097;"+";NA;"+";NA;NA;NA;NA;13;-182.859402916407;396.001158773991;9.89657785642794;0.00054543253207738
0.455391599058109;"+";-0.152364398171961;NA;-0.403696963313715;"+";"+";NA;NA;NA;NA;NA;"+";NA;NA;NA;NA;NA;9;-188.000086418001;396.022644746114;9.91806382855151;0.000539604320240462
1.13502158573905;"+";-0.0458508805348172;-0.159263937167048;-0.657335564245227;"+";NA;NA;"+";0.0506420354087064;NA;NA;"+";NA;NA;NA;NA;NA;11;-185.517874009929;396.070230778479;9.96564986091681;0.000526917038788117
-0.408143155295508;NA;-0.0859789645292748;-0.182750507105196;0.239163824133668;"+";NA;NA;NA;7.1077256665844e-05;NA;NA;NA;NA;NA;NA;NA;NA;8;-189.239120407431;396.078240814862;9.97365989729957;0.000524810946746067
0.659674005644657;"+";-0.191688487857897;-0.163167100777996;-0.33932287530844;"+";NA;NA;"+";NA;-0.11249686139707;"+";NA;NA;NA;NA;NA;NA;11;-185.531287194632;396.097057147884;9.99247623032159;0.000519896591756182
0.665241104698491;"+";-0.172994458252752;-0.164916304380056;-0.342460121807753;"+";"+";NA;"+";NA;-0.103362944744226;NA;NA;NA;NA;NA;NA;NA;11;-185.547685713541;396.129854185704;10.0252732681409;0.000511440580190311
0.690105166030635;"+";-0.355754615920211;-0.167034829617829;-0.355672450977109;"+";"+";NA;"+";NA;NA;"+";NA;NA;NA;NA;NA;NA;11;-185.552231080279;396.138944919179;10.034364001616;0.000509121170466107
0.389062997505694;"+";0.177176722339472;-0.157200897137745;-0.178236823698251;"+";"+";"+";"+";0.130183317450572;-0.575936249126801;NA;NA;"+";NA;NA;NA;NA;14;-181.613815217634;396.227630435269;10.1230495177062;0.000487038553915557
0.761094010345403;"+";-0.229486200277998;-0.159323145718951;-0.414534836801733;"+";NA;NA;"+";0.0704113355892536;NA;"+";NA;NA;NA;NA;NA;NA;11;-185.596758628428;396.228000015477;10.1234190979145;0.000486948562325498
-0.441036796979534;NA;-0.14383584038494;-0.178634570596557;0.340231817279297;"+";NA;NA;NA;NA;-0.151614113161116;NA;"+";NA;NA;NA;NA;NA;9;-188.11457517475;396.251622259612;10.1470413420497;0.000481230985382736
0.439422574944426;"+";-0.0972789544424385;NA;-0.393590351207106;"+";NA;NA;NA;NA;NA;"+";"+";NA;NA;NA;NA;NA;9;-188.115235347055;396.252942604223;10.1483616866604;0.000480913394857481
1.20311103925432;"+";0.0177586066057409;NA;-0.837189604286253;"+";NA;NA;"+";NA;-0.131283082895282;NA;"+";NA;NA;NA;NA;NA;10;-186.884892893715;396.269785787431;10.1652048698681;0.000476880344835633
0.0509399827114458;"+";-0.370261261699275;-0.172173732811863;0.0699272425190259;"+";NA;"+";NA;0.0944569312092598;NA;"+";"+";NA;NA;NA;NA;NA;12;-184.347712211645;396.323331400034;10.2187504824715;0.000464282314542361
0.801183740541619;"+";-0.341405798448405;-0.151474141516707;-0.468898939072572;"+";"+";NA;"+";0.275026633351156;-0.304853564642245;NA;NA;NA;NA;NA;NA;NA;12;-184.349971044252;396.327849065247;10.2232681476845;0.000463234762079887
-0.384438048422358;NA;-0.0315463598132171;NA;0.0771917393648737;"+";NA;NA;NA;NA;-0.187737092310084;NA;NA;NA;NA;NA;NA;NA;7;-190.550003067815;396.3307753664;10.2261944488371;0.000462557475477764
0.221025689443724;"+";-0.816420498744236;-0.172385800899996;-0.134915897771873;"+";"+";"+";NA;0.226419644168043;NA;"+";NA;NA;NA;NA;NA;NA;12;-184.359047679748;396.34600233624;10.2414214186774;0.000459049173263095
-0.393806238212911;NA;0.0700918808614911;NA;0.156235272030446;"+";NA;NA;NA;NA;NA;NA;"+";NA;NA;NA;NA;NA;7;-190.560383027405;396.351535285579;10.2469543680159;0.000457780980373907
0.409933784317697;"+";-0.255792700665698;-0.164813411304907;-0.30819033613135;"+";NA;NA;NA;0.0586456857002357;NA;"+";NA;NA;NA;NA;NA;NA;10;-186.929720280374;396.359440560748;10.2548596431851;0.000455975109393265
0.772587131918633;"+";-0.263255807887018;-0.146818270609584;-0.451297555451933;"+";NA;NA;"+";0.26733091827563;-0.371696951020117;"+";NA;NA;NA;NA;NA;NA;12;-184.372287013468;396.37248100368;10.2679000861172;0.000453011722166138
0.0199762441665966;"+";-0.14359171111653;NA;NA;"+";"+";NA;"+";NA;NA;NA;NA;NA;NA;NA;NA;NA;8;-189.389812918991;396.379625837983;10.2750449204201;0.000451396262585871
0.0220222675755969;"+";-0.126538905296639;NA;NA;"+";NA;NA;"+";NA;NA;"+";NA;NA;NA;NA;NA;NA;8;-189.415064270407;396.430128540814;10.3255476232511;0.000440140605283721
0.353307497440214;"+";-0.30439502297966;-0.172298458832292;-0.106652864611155;"+";NA;"+";"+";NA;-0.0528404674483158;"+";NA;NA;NA;NA;NA;NA;12;-184.413922584169;396.455752145082;10.3511712275191;0.000434537580004205
0.365143138920819;"+";-0.385640824045;-0.174350456289349;-0.111991656380786;"+";"+";"+";"+";NA;NA;"+";NA;NA;NA;NA;NA;NA;12;-184.414681925925;396.457270828594;10.3526899110318;0.000434207742720464
0.444341322815794;"+";-0.151233650716141;-0.171548498374272;-0.170226922911576;"+";NA;"+";"+";0.0704978194370433;NA;NA;"+";NA;NA;NA;NA;NA;12;-184.418945824788;396.46579862632;10.3612177087576;0.000432360266345271
1.28562933113486;"+";-0.0944055033014626;NA;-0.888978432823526;"+";NA;NA;"+";NA;NA;"+";"+";NA;NA;NA;NA;NA;10;-187.019382906235;396.538765812471;10.434184894908;0.000416870489782637
0.423087553145347;"+";-0.312443319888488;-0.171909859988007;-0.150470328884997;"+";NA;"+";"+";NA;NA;"+";"+";NA;NA;NA;NA;NA;12;-184.457772695352;396.543452367448;10.4388714498855;0.00041589479016215
0.248863725092825;"+";-0.700271282918974;-0.212404123699196;NA;"+";"+";NA;"+";0.162238813576798;NA;"+";NA;NA;NA;NA;NA;NA;11;-185.769456021797;396.573394802215;10.468813884652;0.000409714715899367
0.422661609157896;"+";-0.200056812091287;-0.172853477165531;-0.153014779722122;"+";NA;"+";"+";NA;-0.0769846605251584;NA;"+";NA;NA;NA;NA;NA;12;-184.478120202936;396.584147382617;10.4795664650539;0.000407517881388547
0.527495899395735;"+";-0.812115179267762;-0.16586259659282;-0.390825178158607;"+";"+";NA;NA;0.23486392556991;NA;"+";NA;NA;NA;NA;NA;NA;11;-185.776546757449;396.587576273519;10.4829953559566;0.000406819812781733
1.24871331958934;"+";-0.0860117138337289;NA;-0.869021156479589;"+";"+";NA;"+";NA;NA;NA;"+";NA;NA;NA;NA;NA;10;-187.045321811358;396.590643622716;10.4860627051537;0.000406196361776368
0.423074315239683;"+";0.0634593268281665;NA;-0.447996400308728;"+";"+";NA;NA;NA;-0.239371012320196;NA;NA;NA;NA;NA;NA;NA;9;-188.284395994757;396.591263899626;10.4866829820631;0.000406070404197578
0.362790682872667;"+";-0.205665291069075;-0.173724499208665;-0.113129362161457;"+";"+";"+";"+";NA;-0.0747618074954572;NA;NA;NA;NA;NA;NA;NA;12;-184.482204857857;396.592316692459;10.4877357748961;0.000405856706441756
0.296329512343539;"+";0.200388873208793;-0.16315450098265;-0.101660543692352;"+";"+";"+";"+";NA;-0.49520913103023;"+";NA;"+";NA;NA;NA;NA;14;-181.809951614257;396.619903228514;10.5153223109515;0.000400297047189527
0.436634091875748;"+";-0.104199673460472;NA;-0.458854699523318;"+";NA;NA;NA;NA;-0.15558136377698;"+";NA;NA;NA;NA;NA;NA;9;-188.305377685995;396.633227282102;10.5286463645397;0.00039763912095392
0.425601922178429;"+";-0.284593023049224;-0.176238633388369;-0.151203614225644;"+";"+";"+";"+";NA;NA;NA;"+";NA;NA;NA;NA;NA;12;-184.50991667311;396.647740322964;10.543159405401;0.000394764088530347
0.0164242991123565;"+";0.141398195677487;-0.162098014488627;0.051111265008151;"+";"+";"+";NA;0.130022361227789;-0.568262569292271;NA;"+";"+";NA;NA;NA;NA;14;-181.827332069714;396.654664139429;10.5500832218661;0.000393399814340913
1.21021941083395;"+";-0.55283587592887;-0.160176838358915;-0.722368805555454;"+";"+";NA;"+";0.209679428149191;NA;NA;"+";NA;NA;NA;NA;NA;12;-184.535684478136;396.699275933016;10.5946950154536;0.000384721823676019
0.353748633498446;"+";0.315466868057919;-0.162626779747676;-0.141399063855368;"+";"+";"+";"+";NA;-0.53410939423289;NA;"+";"+";NA;NA;NA;NA;14;-181.851104764421;396.702209528842;10.5976286112789;0.000384157928169576
0.160590582252766;"+";-0.219394465402825;NA;-0.23616095955941;"+";NA;"+";NA;NA;-0.0866413678892713;"+";NA;NA;NA;NA;NA;NA;10;-187.11081481671;396.72162963342;10.617048715857;0.000380445786312163
0.15333079591786;"+";0.0425471295583473;NA;-0.229604450678174;"+";"+";"+";NA;NA;-0.20484242249853;NA;NA;NA;NA;NA;NA;NA;10;-187.120128700792;396.740257401583;10.6356764840205;0.000376918808785589
0.00562428195154422;"+";-0.32339115117217;-0.177180082987904;0.105759989726101;"+";NA;"+";NA;NA;-0.051932803167693;"+";"+";NA;NA;NA;NA;NA;12;-184.590777252526;396.809461481795;10.7048805642327;0.000364099711507493
0.011981864401563;"+";-0.40417619033618;-0.179336669526846;0.104316471883102;"+";"+";"+";NA;NA;NA;"+";"+";NA;NA;NA;NA;NA;12;-184.591142138479;396.810191253701;10.7056103361386;0.000363966880872767
0.852416378839549;"+";-0.741581847818723;-0.160187950930619;-0.489755094535218;"+";"+";NA;"+";0.231998003521675;NA;"+";NA;NA;NA;NA;NA;NA;12;-184.592721492097;396.813349960938;10.7087690433757;0.000363392502155382
0.0371505611384821;"+";0.452388723879048;NA;-0.188843088372104;"+";"+";"+";NA;NA;-0.633698108129576;"+";NA;"+";NA;NA;NA;NA;12;-184.59899663733;396.825900251404;10.7213193338417;0.000361119301220173
0.77746029700524;"+";-0.0761255344165143;NA;-0.562107118097841;"+";NA;NA;"+";NA;-0.115145238086375;"+";NA;NA;NA;NA;NA;NA;10;-187.167267391451;396.834534782901;10.7299538653385;0.00035956361380427
0.766539342992644;"+";0.0703729095550583;NA;-0.556102772010574;"+";"+";NA;"+";NA;-0.176337045693975;NA;NA;NA;NA;NA;NA;NA;10;-187.192559446652;396.885118893304;10.7805379757411;0.000350583551845048
0.166490402252041;"+";-0.301910653202441;NA;-0.241421564091382;"+";"+";"+";NA;NA;NA;"+";NA;NA;NA;NA;NA;NA;10;-187.197408874698;396.894817749397;10.7902368318341;0.000348887537808853
0.0186254463890546;"+";-0.240169974628154;-0.178552216220448;0.098326051618407;"+";"+";"+";NA;NA;-0.0682768935099656;NA;"+";NA;NA;NA;NA;NA;12;-184.642960497839;396.913827972421;10.8092470548587;0.000345587033536536
-0.437240737584624;NA;-0.185349623266238;-0.179778818735812;0.337485630505186;"+";NA;NA;NA;NA;NA;"+";"+";NA;NA;NA;NA;NA;9;-188.481391596107;396.985255102327;10.8806741847641;0.000333462679174759
0.816143159170489;"+";-0.210978431661054;NA;-0.587745397653618;"+";"+";NA;"+";NA;NA;"+";NA;NA;NA;NA;NA;NA;10;-187.259395775646;397.018791551292;10.9142106337296;0.000327917721584458
0.486048055396085;"+";-0.356386868337159;-0.155086245376876;-0.229915666131921;"+";NA;"+";"+";0.254532047228828;-0.303435909259262;"+";NA;NA;NA;NA;NA;NA;13;-183.370012728026;397.022378397228;10.9177974796655;0.000327330153447562
0.469357620982412;"+";-0.280609576817082;NA;-0.486408048956064;"+";"+";NA;NA;NA;NA;"+";NA;NA;NA;NA;NA;NA;9;-188.504938395607;397.032348701327;10.9277677837639;0.000325702423474032
-0.0940769064114875;"+";0.179152253332702;-0.1683801936944;0.137908989679113;"+";"+";"+";NA;NA;-0.491310409652957;"+";"+";"+";NA;NA;NA;NA;14;-182.03393721277;397.067874425539;10.9632935079767;0.00031996809604528
0.518659450378045;"+";-0.351932755172921;-0.159429081085152;-0.250369018533241;"+";"+";"+";"+";0.258964729343712;-0.268821144892737;NA;NA;NA;NA;NA;NA;NA;13;-183.427729423705;397.137811788587;11.0332308710247;0.000308972602970471
-0.431777820492554;NA;-0.0736495496745745;-0.182277568824616;0.337272701241053;"+";NA;NA;NA;0.00533539459151739;NA;NA;"+";NA;NA;NA;NA;NA;9;-188.562987199369;397.14844630885;11.0438653912875;0.000307334075366287
0.619634192168149;"+";-0.237161361250988;-0.155154999869613;-0.319667712024356;"+";NA;"+";"+";0.253456028249706;-0.330703789616701;NA;"+";NA;NA;NA;NA;NA;13;-183.440588752822;397.163530446821;11.0589495292583;0.000305024859646661
0.3150627913415;"+";-0.194762375999845;-0.167063271682236;-0.157897220355751;"+";NA;NA;NA;NA;-0.129672947155684;"+";"+";NA;NA;NA;NA;NA;11;-186.112089466841;397.258661692303;11.1540807747406;0.000290855813342835
0.320002444752289;"+";-0.19596466765671;-0.168334153939271;-0.159969308650271;"+";"+";NA;NA;NA;-0.117627800998155;NA;"+";NA;NA;NA;NA;NA;11;-186.115296547818;397.265075854257;11.160494936694;0.000289924509378741
0.418970498154916;"+";0.459028428227995;NA;-0.329807044699938;"+";"+";"+";"+";NA;-0.585225285664431;"+";NA;"+";NA;NA;NA;NA;13;-183.504891812328;397.292136565832;11.1875556482693;0.000286028146644572
0.535573961016992;"+";-0.754349747427183;-0.166916111185207;-0.247310307361253;"+";"+";"+";"+";0.225490584536115;NA;"+";NA;NA;NA;NA;NA;NA;13;-183.505971027348;397.294294995872;11.1897140783097;0.000285719627281828
-0.421166048589973;NA;-0.181124590296202;-0.177981852882551;0.252177794694461;"+";NA;NA;NA;NA;-0.168713095212801;"+";NA;NA;NA;NA;NA;NA;9;-188.65148368502;397.325439280153;11.2208583625903;0.00028130482381941
0.585458131234972;"+";0.587034921106209;NA;-0.440983975444059;"+";"+";"+";"+";NA;-0.628185472476091;NA;"+";"+";NA;NA;NA;NA;13;-183.524056850702;397.330466642581;11.225885725018;0.000280598601149606
-0.377922170442165;NA;-0.107183496882063;NA;0.0615847899172382;"+";NA;NA;NA;NA;NA;"+";NA;NA;NA;NA;NA;NA;7;-191.050595551091;397.331960332952;11.2273794153893;0.000280389115671582
0.337196694439632;"+";-0.379370146368971;-0.171648260286588;-0.168468266328133;"+";"+";NA;NA;NA;NA;"+";"+";NA;NA;NA;NA;NA;11;-186.157273410759;397.349029580139;11.2444486625759;0.000278006282863952
0.481452276345215;"+";-0.366730619561569;-0.154446769061832;-0.300991406461392;"+";"+";NA;NA;0.282136932788478;-0.325736844632735;NA;"+";NA;NA;NA;NA;NA;12;-184.873386425983;397.374679828711;11.2700989111485;0.000274463584069613
0.164299237170101;"+";-0.372195058172009;-0.159487441339179;-0.0351138737932601;"+";NA;"+";NA;0.253783523264712;-0.303880111386581;"+";"+";NA;NA;NA;NA;NA;13;-183.569746568849;397.421846078875;11.3172651613119;0.000268066601929179
0.456588360777164;"+";-0.269636084055799;-0.150135269018412;-0.287362249763117;"+";NA;NA;NA;0.274265211934151;-0.395748734387458;"+";"+";NA;NA;NA;NA;NA;12;-184.911352615633;397.45061220801;11.3460312904471;0.000264238578035159
-0.42857573472515;NA;-0.19247898279803;-0.169713553326144;0.3134869479199;"+";NA;NA;NA;0.197852386312101;-0.348487904424026;NA;"+";NA;NA;NA;NA;NA;10;-187.485342761241;397.470685522482;11.3661046049198;0.000261599770553442
-0.376277332953451;"+";-0.315110836604838;-0.152518837075808;0.358640327916028;"+";NA;"+";"+";NA;NA;"+";"+";NA;NA;"+";NA;NA;13;-183.598436514231;397.479225969639;11.3746450520764;0.000260485062764756
0.19583319333575;"+";-0.380439095009961;-0.163777661003571;-0.0529408356487074;"+";"+";"+";NA;0.258379693578578;-0.265730461430411;NA;"+";NA;NA;NA;NA;NA;13;-183.608369466328;397.499091873832;11.3945109562695;0.000257910484861978
0.495678458721589;"+";-0.177143835050754;NA;-0.352717600280779;"+";NA;"+";"+";NA;-0.059432537098355;"+";NA;NA;NA;NA;NA;NA;11;-186.24414263417;397.52276802696;11.4181871093974;0.000254875321489313
0.251831927409646;"+";-0.389327544838454;-0.209661862429718;NA;"+";"+";NA;"+";NA;NA;"+";NA;NA;"+";NA;NA;NA;11;-186.25818704475;397.550856848121;11.4462759305579;0.00025132076706488
-0.338755734718213;"+";-0.118951504153907;-0.154191605397549;0.331339979095462;"+";NA;"+";"+";0.0715384815754399;NA;NA;"+";NA;NA;"+";NA;NA;13;-183.634894791049;397.552142523275;11.4475616057124;0.000251159260548663
0.693903098459898;"+";-0.180406972660458;NA;-0.48033513330247;"+";NA;"+";"+";NA;NA;"+";"+";NA;NA;NA;NA;NA;11;-186.264349796928;397.563182352478;11.458601434915;0.000249776702191626
-0.152187035246444;"+";-0.303613615499284;NA;NA;"+";"+";NA;NA;NA;NA;"+";NA;NA;NA;NA;NA;NA;8;-189.981991178732;397.563982357465;11.4594014399023;0.000249676810867608
0.508599166010888;"+";-0.234101142320586;NA;-0.360160270308789;"+";"+";"+";"+";NA;NA;"+";NA;NA;NA;NA;NA;NA;11;-186.28277398486;397.600030728341;11.4954498107788;0.000245216903567664
0.379961108658094;"+";-0.234329011952932;-0.164345361918952;-0.210094341288489;"+";NA;NA;NA;0.0631188019180165;NA;"+";"+";NA;NA;NA;NA;NA;11;-186.284397063146;397.603276884912;11.4986959673496;0.000244819220159219
0.695758027293292;"+";-0.0395094453492846;NA;-0.486367068558679;"+";NA;"+";"+";NA;-0.0916580893439704;NA;"+";NA;NA;NA;NA;NA;11;-186.307735934278;397.649954627177;11.5453737096147;0.000239171577091016
-0.349297347480733;"+";-0.205655327987943;NA;0.209764961947634;"+";NA;"+";"+";NA;NA;"+";"+";NA;NA;"+";NA;NA;12;-185.011083712105;397.650074400953;11.5454934833906;0.000239157254278455
0.487729765896867;"+";0.0568454036122702;NA;-0.349728451281384;"+";"+";"+";"+";NA;-0.156309644301973;NA;NA;NA;NA;NA;NA;NA;11;-186.309321420043;397.653125598706;11.5485446811437;0.000238792674412044
-0.404195835108101;NA;-0.0107056918671074;NA;0.163162507528263;"+";NA;NA;NA;NA;-0.166545363629036;NA;"+";NA;NA;NA;NA;NA;8;-190.036136295243;397.672272590485;11.5676916729225;0.000236517501780002
0.178737649845251;"+";-0.770755879271015;-0.172118910196475;-0.0275310816281252;"+";"+";"+";NA;0.223108895126536;NA;"+";"+";NA;NA;NA;NA;NA;13;-183.70992802254;397.702208986257;11.5976280686941;0.000233003624818637
-0.338572590467378;"+";-0.165240474201056;-0.155658160745108;0.333288915481194;"+";NA;"+";"+";NA;-0.0719251056008416;NA;"+";NA;NA;"+";NA;NA;13;-183.716226072001;397.714805085179;11.6102241676168;0.000231540767872949
-0.344544255425524;"+";-0.253499627764778;-0.158825314061789;0.340748702962554;"+";"+";"+";"+";NA;NA;NA;"+";NA;NA;"+";NA;NA;13;-183.730892099352;397.744137139881;11.6395562223184;0.00022816976467393
0.606514610010853;"+";-0.558104124574927;-0.170687530319801;-0.292104423431224;"+";"+";"+";"+";0.200998237311092;NA;NA;"+";NA;NA;NA;NA;NA;13;-183.755567968354;397.793488877884;11.6889079603213;0.000222608375694302
0.702736834274698;"+";-0.0948172184290756;NA;-0.490394193418874;"+";"+";"+";"+";NA;NA;NA;"+";NA;NA;NA;NA;NA;11;-186.409967272893;397.854417304407;11.749836386844;0.000215929043528198
0.00774084948295707;"+";0.446068665729253;NA;-0.0854573987781496;"+";"+";"+";NA;NA;-0.590233064519998;"+";"+";"+";NA;NA;NA;NA;13;-183.821453284206;397.925259509588;11.820678592025;0.000208414471602868
-0.299644777295441;"+";-0.0192036360731384;NA;0.172627278603072;"+";NA;"+";"+";NA;-0.0841912615170909;NA;"+";NA;NA;"+";NA;NA;12;-185.191912448373;398.01173187349;11.9071509559275;0.000199595449793051
-0.354088187641533;NA;-0.140461070223922;-0.102364516321027;NA;"+";NA;NA;NA;0.0435434526824627;NA;"+";NA;NA;NA;NA;NA;NA;8;-190.216436936556;398.032873873112;11.9282929555496;0.00019749663913896
0.0649405336020331;"+";0.00968908523523345;-0.159687029423935;-0.0649617585835271;"+";"+";"+";NA;0.157694050814115;-0.580775042189102;"+";NA;"+";NA;NA;NA;NA;14;-182.5176340474;398.0352680948;11.9306871772378;0.000197260355227804
0.497143754744523;"+";-0.768213581437724;-0.16509602014999;-0.299365020969413;"+";"+";NA;NA;0.232005994726089;NA;"+";"+";NA;NA;NA;NA;NA;12;-185.211897409029;398.051701794802;11.9471208772396;0.000195646137452637
0.125574544248241;"+";-0.199991374885484;NA;-0.134799167943698;"+";NA;"+";NA;NA;-0.0607456036237658;"+";"+";NA;NA;NA;NA;NA;11;-186.511915902706;398.058314564032;11.9537336464696;0.000195000324315435
0.0476043252763119;"+";-0.328719996935053;-0.176157572438778;-0.00406756089223293;"+";"+";"+";NA;NA;-0.0823230471936768;"+";NA;NA;NA;NA;NA;NA;12;-185.224704222727;398.077315422199;11.9727345046363;0.000193156509945138
0.414258183922837;"+";-0.0823447751484282;NA;-0.374973092243548;"+";NA;NA;NA;NA;-0.134197777105203;"+";"+";NA;NA;NA;NA;NA;10;-187.803187029565;398.10637405913;12.0017931415672;0.000190370366891309
0.406779756343566;"+";0.0503753348729957;NA;-0.369897908411639;"+";"+";NA;NA;NA;-0.196032562903176;NA;"+";NA;NA;NA;NA;NA;10;-187.803237711661;398.106475423323;12.00189450576;0.000190360718766518
1.04329981444723;"+";-0.198302784289134;-0.158836685516461;-0.589265646488607;"+";NA;NA;"+";NA;-0.107388658550556;"+";"+";NA;NA;NA;NA;NA;12;-185.252090390797;398.132087758339;12.0275068407761;0.000187938470477257
0.128902654324563;"+";-0.257311697262282;NA;-0.135621775451983;"+";"+";"+";NA;NA;NA;"+";"+";NA;NA;NA;NA;NA;11;-186.553646585173;398.141775928967;12.0371950114041;0.000187030281939764
0.126608604898585;"+";0.0292590001093653;NA;-0.136377408579086;"+";"+";"+";NA;NA;-0.157872203987647;NA;"+";NA;NA;NA;NA;NA;11;-186.555324122294;398.145131003209;12.0405500856461;0.000186716794715798
0.505354234937948;"+";-0.446148992109049;-0.152606008981135;-0.380755056697254;"+";"+";NA;NA;0.297593598270982;-0.349915802311939;"+";NA;NA;NA;NA;NA;NA;12;-185.26579003575;398.159487048245;12.0549061306821;0.000185381336068975
-0.309015573896663;"+";-0.0819822205068984;NA;0.179737511410702;"+";"+";"+";"+";NA;NA;NA;"+";NA;NA;"+";NA;NA;12;-185.266271435556;398.160449847855;12.0558689302928;0.000185292115007095
1.18325626343979;"+";-0.23641362909208;-0.154099539604225;-0.691501370931485;"+";NA;NA;"+";0.0759644019149816;NA;"+";"+";NA;NA;NA;NA;NA;12;-185.27095659434;398.169820165423;12.0652392478607;0.000184426022501604
1.07067102045258;"+";-0.351965342727258;-0.162437832759655;-0.604068716739483;"+";"+";NA;"+";NA;NA;"+";"+";NA;NA;NA;NA;NA;12;-185.277444821104;398.182796618951;12.0782157013888;0.000183233298163596
1.02751846206139;"+";-0.139284784488858;-0.160664603051896;-0.578957449232037;"+";"+";NA;"+";NA;-0.114478611578925;NA;"+";NA;NA;NA;NA;NA;12;-185.292425860172;398.212758697088;12.1081777795258;0.000180508732335064
-0.259968459515479;"+";0.549293677361374;NA;0.119827811313591;"+";"+";"+";"+";NA;-0.577777973165921;NA;"+";"+";NA;"+";NA;NA;14;-182.638918641697;398.277837283394;12.1732563658317;0.0001747296394776
-0.411842866407003;NA;-0.21323380478896;-0.179214821522791;0.236265141438707;"+";NA;NA;NA;0.0169510534855959;NA;"+";NA;NA;NA;NA;NA;NA;9;-189.133897650068;398.290267210248;12.1856862926856;0.000173647068712088
0.341804512713659;"+";-0.21271945391679;-0.16706337875092;-0.246217538948622;"+";"+";NA;NA;NA;-0.150848132842542;"+";NA;NA;NA;NA;NA;NA;11;-186.629602405472;398.293687569565;12.1891066520026;0.000173350354816772
-0.291842937272241;"+";0.306211105769256;-0.148297938481997;0.272138364530972;"+";"+";"+";"+";NA;-0.49843937131152;NA;"+";"+";NA;"+";NA;NA;15;-181.258016998921;398.299166527962;12.1945856103997;0.000172876115007321
-0.410612750275381;NA;-0.249933618640228;-0.168122740912233;0.232557978636535;"+";NA;NA;NA;0.213356180919022;-0.374905886205933;"+";NA;NA;NA;NA;NA;NA;10;-187.924887806876;398.349775613752;12.2451946961893;0.000168556448033673
0.226552685746677;"+";-0.522371932585665;-0.160870668965991;-0.147540380858056;"+";"+";"+";NA;0.277869821467124;-0.277262700914482;"+";NA;NA;NA;NA;NA;NA;13;-184.041137710323;398.364628361823;12.2600474442604;0.000167309321350775
0.441388241649228;"+";-0.238355849121777;NA;-0.393873619885461;"+";"+";NA;NA;NA;NA;"+";"+";NA;NA;NA;NA;NA;10;-187.934419913338;398.368839826677;12.2642589091142;0.00016695738336114
-0.157197056812496;"+";-0.204413267900281;-0.138952544155232;0.180546042764889;"+";NA;"+";"+";0.249737879077735;-0.322524199168542;NA;"+";NA;NA;"+";NA;NA;14;-182.691823986904;398.383647973809;12.2790670562462;0.000165725783666111
1.18598826034923;"+";-0.271314752856504;-0.142014296483527;-0.721626725280263;"+";NA;NA;"+";0.270567957458513;-0.368603583749373;"+";"+";NA;NA;NA;NA;NA;13;-184.052140789477;398.38663452013;12.2820536025672;0.000165478494482458
-0.401106726687215;NA;-0.0845876785245256;NA;0.159064302464278;"+";NA;NA;NA;NA;NA;"+";"+";NA;NA;NA;NA;NA;8;-190.411507161199;398.423014322398;12.3184334048354;0.000162495667932182
1.18037729464294;"+";-0.307684149550207;-0.147038605803454;-0.717175402334275;"+";"+";NA;"+";0.276051866106806;-0.316044229665215;NA;"+";NA;NA;NA;NA;NA;13;-184.073244207625;398.428841356426;12.3242604388637;0.000162022923048478
0.265747984929372;"+";0.597798114095923;-0.17679665580415;-0.0682844788426281;"+";"+";"+";"+";NA;-0.631346480005828;"+";NA;"+";"+";NA;NA;NA;15;-181.362885522811;398.508903575743;12.4043226581801;0.000155665070603099
0.0195764516445984;"+";-0.263864054039882;NA;NA;"+";"+";NA;"+";NA;NA;"+";NA;NA;NA;NA;NA;NA;9;-189.248491941884;398.51945579388;12.4148748763172;0.000154845927556686
0.49132095607709;"+";-0.347849568450387;-0.165898318032065;-0.205238468742995;"+";NA;"+";"+";0.0963929619670362;NA;"+";"+";NA;NA;NA;NA;NA;13;-184.155258366568;398.592869674313;12.4882887567499;0.000149265062220093
1.22262804924055;"+";-0.0842759238778517;NA;-0.847563901069138;"+";NA;NA;"+";NA;-0.108656750870628;"+";"+";NA;NA;NA;NA;NA;11;-186.812674522232;398.659831803085;12.5552508855226;0.000144350244829787
-0.386353302303297;NA;-0.0832634919713289;NA;0.0773501759818986;"+";NA;NA;NA;NA;-0.176354373034341;"+";NA;NA;NA;NA;NA;NA;8;-190.532172939505;398.664345879009;12.5597649614466;0.0001440248082469
0.668056333468504;"+";-0.251732758711112;-0.1645719877902;-0.343576237463639;"+";"+";NA;"+";NA;-0.0781703954584443;"+";NA;NA;NA;NA;NA;NA;12;-185.523954693882;398.675816364508;12.5712354469455;0.000143201155192468
-0.441829163807727;NA;-0.166020622156707;-0.178183239974837;0.339993459300577;"+";NA;NA;NA;NA;-0.146654918625607;"+";"+";NA;NA;NA;NA;NA;10;-188.111007754709;398.722015509418;12.617434591855;0.000139931182617535
0.690131832583068;"+";-0.356536304754457;-0.166970633128805;-0.35577256098488;"+";"+";NA;"+";NA;NA;"+";NA;NA;"+";NA;NA;NA;12;-185.552224864451;398.732356705646;12.6277757880833;0.000139209522024832
1.1902607416687;"+";0.10337696527851;NA;-0.828105240801146;"+";"+";NA;"+";NA;-0.185733558361741;NA;"+";NA;NA;NA;NA;NA;11;-186.863730532338;398.761943823296;12.6573629057335;0.000137165275891158
1.26314466198003;"+";-0.207785352068193;NA;-0.874601483453617;"+";"+";NA;"+";NA;NA;"+";"+";NA;NA;NA;NA;NA;11;-186.901751352757;398.837985464134;12.7334045465715;0.000132048036817257
1.25721488300628;"+";-0.739904674030818;-0.155152049850102;-0.755290698019022;"+";"+";NA;"+";0.234442241026976;NA;"+";"+";NA;NA;NA;NA;NA;13;-184.289296398543;398.860945738262;12.7563648206997;0.000130540775592183
0.807495994663038;"+";-0.467094042460621;-0.150633881157306;-0.472464623956174;"+";"+";NA;"+";0.280177564834364;-0.269081349326339;"+";NA;NA;NA;NA;NA;NA;13;-184.290126525865;398.862605992907;12.7580250753447;0.000130432455093783
0.388468188565834;"+";0.0393238255740798;-0.156614329079337;-0.176558294325806;"+";"+";"+";"+";0.136268483005234;-0.533919766229635;"+";NA;"+";NA;NA;NA;NA;15;-181.548669575905;398.880471681931;12.7758907643685;0.000129272510767485
-0.204437844743088;"+";-0.53278615553462;-0.153713088733953;0.229877501447542;"+";"+";"+";"+";0.202958999498566;NA;NA;"+";NA;NA;"+";NA;NA;14;-182.943750231722;398.887500463444;12.7829195458818;0.00012881899403484
0.469020141056631;"+";0.183093294387634;-0.156079640025684;-0.231754132948452;"+";"+";"+";"+";0.131411679192572;-0.579411119951633;NA;"+";"+";NA;NA;NA;NA;15;-181.606089846918;398.995312223956;12.8907313063935;0.000122058738472493
-0.117683065036829;"+";0.130493645279574;-0.182032804162418;0.167581674502669;"+";"+";"+";NA;NA;-0.354691505166115;"+";"+";"+";NA;NA;"+";NA;15;-181.622773154091;399.028678838302;12.9240979207391;0.000120039287446057
0.421878116904943;"+";0.0154971348666559;NA;-0.447514873369467;"+";"+";NA;NA;NA;-0.224589064962148;"+";NA;NA;NA;NA;NA;NA;10;-188.276163930893;399.052327861787;12.9477469442239;0.000118628240394223
0.432483832780111;"+";-0.300781718707994;-0.171160781526973;-0.1592986220431;"+";NA;"+";"+";NA;-0.0542808266843929;"+";"+";NA;NA;NA;NA;NA;13;-184.4068207971;399.095994535376;12.9914136178136;0.000116066260130004
0.438308870592716;"+";-0.383510784125297;-0.173326161077822;-0.16061928987831;"+";"+";"+";"+";NA;NA;"+";"+";NA;NA;NA;NA;NA;13;-184.408668941208;399.099690823593;12.9951099060299;0.000115851951053221
0.35899647391458;"+";-0.345243089414827;-0.173308182210724;-0.109338120018662;"+";"+";"+";"+";NA;-0.029795953488899;"+";NA;NA;NA;NA;NA;NA;13;-184.410560379991;399.103473701158;12.998892783595;0.000115633031281903
0.364794618975837;"+";-0.37714439466181;-0.175022644775411;-0.110934934215881;"+";"+";"+";"+";NA;NA;"+";NA;NA;"+";NA;NA;NA;13;-184.413958834557;399.110270610291;13.0056896927281;0.00011524072467437
0.247458547641814;"+";-0.714329808356004;-0.211650996400158;NA;"+";"+";NA;"+";0.163510309743514;NA;"+";NA;NA;"+";NA;NA;NA;12;-185.768140233932;399.164187444607;13.0596065270447;0.000112175519323088
0.142862367796672;"+";-0.0780782991967434;NA;-0.223149277576866;"+";"+";"+";NA;NA;-0.167188599941845;"+";NA;NA;NA;NA;NA;NA;11;-187.070200455656;399.174883669933;13.07030275237;0.00011157719339113
0.422582710798911;"+";-0.199228649271268;-0.172828340968421;-0.152986129625936;"+";"+";"+";"+";NA;-0.0774882154653654;NA;"+";NA;NA;NA;NA;NA;13;-184.478118368272;399.23858967772;13.1340087601577;0.000108079132253209
0.0116836568469769;"+";0.0227778529040331;-0.161649446791788;0.0543773830658572;"+";"+";"+";NA;0.13520705257217;-0.532536249739676;"+";"+";"+";NA;NA;NA;NA;15;-181.780471527883;399.344075585886;13.2394946683229;0.000102526439411245
0.768119592534012;"+";-0.0219835549756617;NA;-0.555845847853098;"+";"+";NA;"+";NA;-0.146891368683132;"+";NA;NA;NA;NA;NA;NA;11;-187.161051415476;399.356585589573;13.2520046720105;0.000101887137844319
0.363653533954563;"+";0.204282245311006;-0.162221254134138;-0.14648657789028;"+";"+";"+";"+";NA;-0.497237422981284;"+";"+";"+";NA;NA;NA;NA;15;-181.80431889111;399.391770312341;13.2871893947786;0.000100110377028239
0.860242874510295;"+";-0.812903077021605;-0.155264778081241;-0.502008293817007;"+";"+";NA;"+";0.239830497336828;NA;"+";NA;NA;"+";NA;NA;NA;13;-184.558807882631;399.399968706438;13.2953877888758;9.97008448162732e-05
0.8143861516568;"+";-0.29725343652504;NA;-0.589296909104329;"+";"+";NA;"+";NA;NA;"+";NA;NA;"+";NA;NA;NA;11;-187.192591118157;399.419664994935;13.3150840773725;9.87237954729297e-05
-0.435224275466165;NA;-0.194769179620978;-0.178981053996616;0.334069234804681;"+";NA;NA;NA;0.0212885344050905;NA;"+";"+";NA;NA;NA;NA;NA;10;-188.466885093695;399.433770187389;13.3291892698264;9.80299858607844e-05
0.00392852063922309;"+";-0.326969344050642;-0.178448186290482;0.108493678831816;"+";NA;"+";NA;NA;-0.0369600904530907;"+";"+";NA;NA;NA;"+";NA;13;-184.586344857624;399.455042656424;13.3504617388609;9.69928413750523e-05
0.00939717590505514;"+";-0.364936077040109;-0.178256825341094;0.104482184466094;"+";"+";"+";NA;NA;-0.0286190282100066;"+";"+";NA;NA;NA;NA;NA;13;-184.58739454639;399.457142033956;13.3525611163928;9.68910824959993e-05
-0.339174624787774;"+";-0.354515989505123;-0.145783597646967;0.324794320424301;"+";NA;"+";"+";0.103140704297233;NA;"+";"+";NA;NA;"+";NA;NA;14;-183.245389868047;399.490779736094;13.3861988185313;9.52751132751527e-05
0.517428501772039;"+";-0.529790803329251;-0.158452769339287;-0.248318352910168;"+";"+";"+";"+";0.265413032075145;-0.216945846320878;"+";NA;NA;NA;NA;NA;NA;14;-183.310253758915;399.62050751783;13.5159266002678;8.92913612623413e-05
0.40430397985635;"+";0.731936298092352;NA;-0.31915098196384;"+";"+";"+";"+";NA;-0.678977231667227;"+";NA;"+";"+";NA;NA;NA;14;-183.314258161429;399.628516322857;13.5239354052944;8.89345176604349e-05
0.635319213348127;"+";-0.351368074079527;-0.152923957222578;-0.32979900747824;"+";NA;"+";"+";0.256809174486776;-0.307928102346223;"+";"+";NA;NA;NA;NA;NA;14;-183.344786954076;399.689573908151;13.5849929905885;8.62604794723051e-05
0.637364391984622;"+";-0.341286837916664;-0.157681404400557;-0.330019521471654;"+";"+";"+";"+";0.260452321591966;-0.274673253946917;NA;"+";NA;NA;NA;NA;NA;14;-183.411713605296;399.823427210592;13.7188462930298;8.06763037588986e-05
0.319472548301906;"+";-0.240041746473669;-0.168157594635643;-0.159801812065734;"+";"+";NA;NA;NA;-0.10385765551434;"+";"+";NA;NA;NA;NA;NA;12;-186.108008486498;399.843923949741;13.7393430321785;7.98537254250126e-05
0.314975670855464;"+";-0.195014149741641;-0.167153787977794;-0.157728033087416;"+";NA;NA;NA;NA;-0.128637171334608;"+";"+";NA;NA;NA;"+";NA;12;-186.112068227104;399.852043430953;13.7474625133904;7.95301971781009e-05
0.594493776447579;"+";0.464351436520666;NA;-0.444602457100948;"+";"+";"+";"+";NA;-0.587500469203376;"+";"+";"+";NA;NA;NA;NA;14;-183.46849847281;399.93699694562;13.8324160280574;7.62227542959598e-05
0.481895263404757;"+";-0.460127590502728;-0.153851355858864;-0.302040537662908;"+";"+";NA;NA;0.286111243627919;-0.300035883720556;"+";"+";NA;NA;NA;NA;NA;13;-184.841019421439;399.964391784054;13.8598108664917;7.51858171701415e-05
0.542490161592953;"+";-0.812080591090513;-0.163030810495012;-0.257183538491303;"+";"+";"+";"+";0.231774903401616;NA;"+";NA;NA;"+";NA;NA;NA;14;-183.483948488955;399.96789697791;13.8633160603472;7.50541621407574e-05
0.650563029573956;"+";-0.752638694974177;-0.165285341785202;-0.324372339289138;"+";"+";"+";"+";0.226537275536714;NA;"+";"+";NA;NA;NA;NA;NA;14;-183.491438952971;399.982877905941;13.8782969883786;7.44940719265581e-05
-0.429768876318716;NA;-0.231063756648609;-0.168853638949635;0.312841469349978;"+";NA;NA;NA;0.199352935993624;-0.341368190888508;"+";"+";NA;NA;NA;NA;NA;11;-187.474507574388;399.983497907396;13.8789169898338;7.44709822891476e-05
0.701153610617854;"+";-0.168288882274435;NA;-0.487062416997373;"+";NA;"+";"+";NA;-0.0627272301050253;"+";"+";NA;NA;NA;NA;NA;12;-186.198735420058;400.02537781686;13.9207968992971;7.29277770041238e-05
0.187353438083101;"+";-0.542042125942174;-0.162977738889958;-0.0476175728649515;"+";"+";"+";NA;0.264157511104713;-0.219348390617413;"+";"+";NA;NA;NA;NA;NA;14;-183.513616301033;400.027232602065;13.9226516845025;7.28601756745321e-05
0.463903732052868;"+";-0.262270271205786;-0.146395807819202;-0.29719796312117;"+";NA;NA;NA;0.280875614485808;-0.440361984850027;"+";"+";NA;NA;NA;"+";NA;13;-184.882285270905;400.046923482986;13.9423425654237;7.21463548591853e-05
-0.40633672579988;NA;-0.0658981818515751;NA;0.163681973757222;"+";NA;NA;NA;NA;-0.154346828503183;"+";"+";NA;NA;NA;NA;NA;9;-190.01563516309;400.053742236293;13.9491613187301;7.19007995943648e-05
0.507536278126793;"+";-0.313698499727295;NA;-0.361699838403233;"+";"+";"+";"+";NA;NA;"+";NA;NA;"+";NA;NA;NA;12;-186.226807690336;400.081522357416;13.9769414398538;7.09089971773384e-05
0.480293685849912;"+";-0.0930905361126496;NA;-0.342670261544307;"+";"+";"+";"+";NA;-0.108299094360423;"+";NA;NA;NA;NA;NA;NA;12;-186.229103254671;400.086113486086;13.9815325685236;7.07464077010966e-05
0.706937849233572;"+";-0.228991925160754;NA;-0.489911688270457;"+";"+";"+";"+";NA;NA;"+";"+";NA;NA;NA;NA;NA;12;-186.241042411942;400.109991800629;14.0054108830661;6.99067774257561e-05
-0.359925288186048;"+";-0.381475457890735;-0.153954123841458;0.347894192555175;"+";"+";"+";"+";NA;NA;"+";"+";NA;NA;"+";NA;NA;14;-183.555235970277;400.110471940554;14.0058910229915;6.98899969226349e-05
0.169786208790434;"+";-0.367636452845956;-0.157285770899407;-0.0417950301544926;"+";NA;"+";NA;0.257855467762167;-0.330554432995308;"+";"+";NA;NA;NA;"+";NA;14;-183.559635132528;400.119270265055;14.0146893474928;6.9583214773453e-05
-0.35972984889884;"+";-0.306548491359671;-0.152205838506153;0.346022070442565;"+";NA;"+";"+";NA;-0.0393095779019193;"+";"+";NA;NA;"+";NA;NA;14;-183.57136994728;400.14273989456;14.0381589769971;6.87714409613613e-05
0.673822528835087;"+";0.0721879350881614;NA;-0.471492274588757;"+";"+";"+";"+";NA;-0.162214914853515;NA;"+";NA;NA;NA;NA;NA;12;-186.271624690001;400.171156356747;14.066575439184;6.78012292532731e-05
-0.331670038560128;"+";-0.196725818583666;NA;0.19667521254674;"+";NA;"+";"+";NA;-0.043545890606713;"+";"+";NA;NA;"+";NA;NA;13;-184.978831993959;400.240016929095;14.1354360115326;6.55065435505803e-05
-0.337052798216966;"+";-0.2506631664875;NA;0.200855713173365;"+";"+";"+";"+";NA;NA;"+";"+";NA;NA;"+";NA;NA;13;-184.990852810987;400.26405856315;14.1594776455872;6.47238153182326e-05
-0.00392639890370577;"+";0.427612335801338;NA;-0.0767187698282598;"+";"+";"+";NA;NA;-0.51090697656833;"+";"+";"+";NA;NA;"+";NA;14;-183.666190116208;400.332380232416;14.2277993148538;6.25501345210141e-05
-0.338533037408711;"+";-0.192027039050769;-0.156449151451739;0.334029607303716;"+";"+";"+";"+";NA;-0.0556520058479578;NA;"+";NA;NA;"+";NA;NA;14;-183.714288510686;400.428577021371;14.3239961038087;5.96127807412319e-05
0.416618159162719;"+";-0.0736170492246251;NA;-0.377895727948732;"+";NA;NA;NA;NA;-0.177564330012918;"+";"+";NA;NA;NA;"+";NA;11;-187.765911800489;400.566306359598;14.4617254420356;5.56457288157196e-05
-0.199772029026077;"+";0.16857106495838;-0.141574050143974;0.197843172412651;"+";"+";"+";"+";0.136477380862215;-0.546474857455019;NA;"+";"+";NA;"+";NA;NA;16;-180.988351950557;400.610850242577;14.5062693250143;5.44200897436071e-05
0.128457294712003;"+";-0.193320786970335;NA;-0.137834113957548;"+";NA;"+";NA;NA;-0.0929104528284352;"+";"+";NA;NA;NA;"+";NA;12;-186.491604456972;400.611115890689;14.5065349731259;5.44128619265944e-05
0.113811283986641;"+";-0.104827471150487;NA;-0.127218197505042;"+";"+";"+";NA;NA;-0.115674583660619;"+";"+";NA;NA;NA;NA;NA;12;-186.493165755531;400.614238487806;14.5096575702429;5.43279734890462e-05
0.405022589874104;"+";-0.00690160147804993;NA;-0.368714268781776;"+";"+";NA;NA;NA;-0.178250119882519;"+";"+";NA;NA;NA;NA;NA;11;-187.791392853599;400.61726846582;14.5126875482568;5.42457295215227e-05
-0.302756430728542;"+";0.0522126941485492;NA;0.174664439862632;"+";"+";"+";"+";NA;-0.129042033111461;NA;"+";NA;NA;"+";NA;NA;13;-185.177058428743;400.636469798663;14.5318888811007;5.37274263764889e-05
1.05448422885973;"+";-0.205254551937125;-0.161203932643308;-0.592641574526549;"+";NA;NA;"+";NA;-0.0778192711610707;"+";"+";NA;NA;NA;"+";NA;13;-185.235225028183;400.752802997542;14.6482220799793;5.06914372075509e-05
1.04844911877515;"+";-0.245805361926949;-0.159955813602457;-0.591709562070864;"+";"+";NA;"+";NA;-0.0801845385780243;"+";"+";NA;NA;NA;NA;NA;13;-185.247436129245;400.777225199667;14.6726442821043;5.00762029335865e-05
-0.284182479608879;"+";0.354094738103279;NA;0.13895876159414;"+";"+";"+";"+";NA;-0.510456697180327;"+";"+";"+";NA;"+";NA;NA;15;-182.502329906839;400.787792343798;14.6832114262351;4.98123194442257e-05
-0.177767429628901;"+";-0.358742694704569;-0.134748592721479;0.192906466304042;"+";NA;"+";"+";0.254286300021983;-0.290972703197072;"+";"+";NA;NA;"+";NA;NA;15;-182.511656495302;400.806445520725;14.7018646031626;4.93499001893535e-05
1.07255903829445;"+";-0.339668192454819;-0.163396870955385;-0.604034372743;"+";"+";NA;"+";NA;NA;"+";"+";NA;"+";NA;NA;NA;13;-185.275932379829;400.834217700834;14.7296367832711;4.86693589946392e-05
-0.20956268610763;"+";-0.768575659261068;-0.145553973658221;0.227330235353077;"+";"+";"+";"+";0.234633222843568;NA;"+";"+";NA;NA;"+";NA;NA;15;-182.548829396511;400.880791323142;14.7762104055798;4.75490990868604e-05
0.0161049137160381;"+";-0.344861459015506;NA;NA;"+";"+";NA;"+";NA;NA;"+";NA;NA;"+";NA;NA;NA;10;-189.192344145055;400.884688290111;14.7801073725482;4.74565406561731e-05
-0.310766527451366;"+";0.136109170749133;-0.146785894213244;0.285679456693761;"+";"+";"+";"+";NA;-0.439760664004271;"+";"+";"+";NA;"+";NA;NA;16;-181.150482474305;400.935111290074;14.8305303725114;4.62750462860358e-05
1.21500809552094;"+";-0.46393118658742;-0.145619888422023;-0.739288926002955;"+";"+";NA;"+";0.282780240171924;-0.271471162883176;"+";"+";NA;NA;NA;NA;NA;14;-183.977640448403;400.955280896806;14.8506999792432;4.58107168145142e-05
-0.148007802316549;"+";-0.332378235939652;-0.142033766635783;0.17650973380659;"+";"+";"+";"+";0.258041535948005;-0.253598196527206;NA;"+";NA;NA;"+";NA;NA;15;-182.647843144085;401.078818818291;14.9742379007288;4.30666577048591e-05
1.18321037379928;"+";-0.26955084964966;-0.141169262290146;-0.721290142099553;"+";NA;NA;"+";0.272151046059202;-0.379499193151263;"+";"+";NA;NA;NA;"+";NA;14;-184.050444983366;401.100889966732;14.996309049169;4.25940052000219e-05
0.332914021833495;"+";0.428170201109527;-0.170256886512638;-0.124039672536594;"+";"+";"+";"+";0.09306806893705;-0.637335060522434;"+";NA;"+";"+";NA;NA;NA;16;-181.250596257258;401.135338855978;15.0307579384158;4.1866629421232e-05
0.432900727064203;"+";0.154042501721513;-0.176301126967771;-0.172967924396946;"+";"+";"+";"+";NA;-0.34426169224035;"+";"+";"+";NA;NA;"+";NA;16;-181.291104300189;401.216354941842;15.1117740242789;4.02045845563914e-05
1.21293761641974;"+";-0.0214886510514628;NA;-0.840979159127506;"+";"+";NA;"+";NA;-0.145548921376784;"+";"+";NA;NA;NA;NA;NA;12;-186.804175390868;401.236257758481;15.1316768409182;3.98064764725959e-05
1.21698212316473;"+";-0.0820178330314613;NA;-0.844657341211934;"+";NA;NA;"+";NA;-0.120720562322536;"+";"+";NA;NA;NA;"+";NA;12;-186.8098733201;401.247653616944;15.1430726993812;3.95803069475835e-05
-0.442092548460213;NA;-0.167448830329425;-0.178716894507127;0.340791093900606;"+";NA;NA;NA;NA;-0.140327221889302;"+";"+";NA;NA;NA;"+";NA;11;-188.110244240442;401.254971239505;15.1503903219427;3.94357546800203e-05
0.392126747467025;"+";0.612896300912159;-0.175339258414409;-0.152041861128456;"+";"+";"+";"+";NA;-0.63785174054586;"+";"+";"+";"+";NA;NA;NA;16;-181.342680564138;401.31950746974;15.2149265521776;3.81835490175806e-05
0.666900421572287;"+";-0.237887161356803;-0.165299475028133;-0.341855233291332;"+";"+";NA;"+";NA;-0.0810814314070825;"+";NA;NA;"+";NA;NA;NA;13;-185.52298232577;401.328317592717;15.2237366751546;3.80157180605439e-05
1.24646068851039;"+";-0.276321013678302;NA;-0.865942532236386;"+";"+";NA;"+";NA;NA;"+";"+";NA;"+";NA;NA;NA;12;-186.860406903292;401.348720783327;15.2441398657646;3.76298685761599e-05
1.2544239317098;"+";-0.794027515325111;-0.151575521196401;-0.758783028487676;"+";"+";NA;"+";0.240222328784646;NA;"+";"+";NA;"+";NA;NA;NA;14;-184.269791994381;401.539583988761;15.4350030711987;3.42048179320904e-05
0.813257539496304;"+";-0.516466101554353;-0.148044750157395;-0.48000132191322;"+";"+";NA;"+";0.283367055592913;-0.261458477298547;"+";NA;NA;"+";NA;NA;NA;14;-184.278810296171;401.557620592342;15.4530396747797;3.38977353243492e-05
-0.0412974551228201;"+";0.0306857938519962;-0.175189702755298;0.105396930432481;"+";"+";"+";NA;0.093354585780005;-0.404842651150186;"+";"+";"+";NA;NA;"+";NA;16;-181.512176118767;401.658498578997;15.5539176614342;3.22303712404541e-05
0.488196149826079;"+";0.0421692042937541;-0.155186554591162;-0.243258951171702;"+";"+";"+";"+";0.138065578426232;-0.53684746202098;"+";"+";"+";NA;NA;NA;NA;16;-181.536758040776;401.707662423016;15.603081505453;3.14477454013933e-05
0.444066705923407;"+";-0.306489828023308;-0.17325228458035;-0.16343930310493;"+";NA;"+";"+";NA;-0.0272542245568496;"+";"+";NA;NA;NA;"+";NA;14;-184.392456467945;401.784912935889;15.6803320183268;3.02562276431807e-05
0.436054575994263;"+";-0.339504385759473;-0.172137550510364;-0.160651812723598;"+";"+";"+";"+";NA;-0.0324256990136613;"+";"+";NA;NA;NA;NA;NA;14;-184.403804761686;401.807609523372;15.7030286058095;2.99148119909936e-05
0.440190262542057;"+";-0.373065730644076;-0.174113110437912;-0.160861701430851;"+";"+";"+";"+";NA;NA;"+";"+";NA;"+";NA;NA;NA;14;-184.407597186309;401.815194372618;15.710613455055;2.98015771743835e-05
0.357704647479488;"+";-0.327334425504305;-0.1742019644758;-0.107401875872559;"+";"+";"+";"+";NA;-0.0334791090723578;"+";NA;NA;"+";NA;NA;NA;14;-184.408951531518;401.817903063036;15.7133221454729;2.97612428705695e-05
0.773349093456543;"+";-0.11482721265129;NA;-0.561412716320441;"+";"+";NA;"+";NA;-0.1267729741926;"+";NA;NA;"+";NA;NA;NA;12;-187.12256506873;401.873037114205;15.7684561966421;2.89520191190607e-05
0.00830570759184787;"+";-0.379540226552031;-0.180042610076308;0.107437022653457;"+";"+";"+";NA;NA;-0.00489370435454388;"+";"+";NA;NA;NA;"+";NA;14;-184.58124531575;402.162490631501;16.057909713938;2.50509859987611e-05
-0.38409924583135;"+";0.0553278499614211;-0.161348758063484;0.35611648304019;"+";"+";"+";"+";NA;-0.229587401997078;"+";"+";"+";NA;"+";"+";NA;17;-180.322257381399;402.200070318354;16.0954894007915;2.45846765543348e-05
0.655391003311858;"+";0.443260803150531;NA;-0.480289429504548;"+";"+";"+";"+";NA;-0.487045508225136;"+";"+";"+";NA;NA;"+";NA;15;-183.227688085589;402.238508701298;16.1339277837351;2.41166905102551e-05
0.624844966462114;"+";0.754285942249348;NA;-0.463220592849461;"+";"+";"+";"+";NA;-0.687162647361094;"+";"+";"+";"+";NA;NA;NA;15;-183.256675919473;402.296484369067;16.1919034515045;2.34276352516856e-05
0.663418213209682;"+";-0.522648870073354;-0.156256378452786;-0.346209404147835;"+";"+";"+";"+";0.267562465990633;-0.22235334762957;"+";"+";NA;NA;NA;NA;NA;15;-183.286229714224;402.355591958569;16.2510110410061;2.27453908404331e-05
0.522055638779312;"+";-0.570506772220866;-0.156375959541889;-0.2541672189043;"+";"+";"+";"+";0.268033863521927;-0.210863165868131;"+";NA;NA;"+";NA;NA;NA;15;-183.302552820594;402.388238171308;16.283657253745;2.23771291702536e-05
-0.405163698056916;NA;-0.058298286819716;NA;0.161831044258508;"+";NA;NA;NA;NA;-0.195077423648041;"+";"+";NA;NA;NA;"+";NA;10;-189.98411930662;402.468238613239;16.3636576956764;2.14997046346297e-05
0.632391088478186;"+";-0.349674968312715;-0.152070947734577;-0.329345438104229;"+";NA;"+";"+";0.258454778442104;-0.319086347690539;"+";"+";NA;NA;NA;"+";NA;15;-183.343004656068;402.469141842257;16.3645609246944;2.14899972482409e-05
0.319365228866311;"+";-0.243121633085644;-0.168539392146365;-0.159276420331829;"+";"+";NA;NA;NA;-0.0988524294758484;"+";"+";NA;NA;NA;"+";NA;13;-186.107736167018;402.497825275212;16.3932443576496;2.11839933561446e-05
-0.34777912181262;"+";0.30341833470072;NA;0.188881262433652;"+";"+";"+";"+";NA;-0.344357993309435;"+";"+";"+";NA;"+";"+";NA;16;-181.95671512891;402.547576599283;16.44299568172;2.06635277978601e-05
-0.428686813528208;NA;-0.227538973747723;-0.166989638828841;0.309814701151611;"+";NA;NA;NA;0.202549545214566;-0.364893579230649;"+";"+";NA;NA;NA;"+";NA;12;-187.466605942008;402.56111886076;16.456537943197;2.05240849751811e-05
0.485569140378864;"+";-0.439317153756333;-0.150675592516559;-0.30848607142371;"+";"+";NA;NA;0.290252993378083;-0.342016758294232;"+";"+";NA;NA;NA;"+";NA;14;-184.82416643607;402.64833287214;16.543751954577;1.96483245031534e-05
0.686273562184528;"+";-0.0830238779787625;NA;-0.477261321926524;"+";"+";"+";"+";NA;-0.112406204488085;"+";"+";NA;NA;NA;NA;NA;13;-186.183142757122;402.648638455421;16.5440575378588;1.96453226327481e-05
0.484550732681566;"+";-0.184371371855155;NA;-0.347126734174233;"+";"+";"+";"+";NA;-0.0888864325245315;"+";NA;NA;"+";NA;NA;NA;13;-186.192220809922;402.66679456102;16.5622136434573;1.94677884083914e-05
0.685638771413946;"+";-0.303382936767185;NA;-0.478066720475503;"+";"+";"+";"+";NA;NA;"+";"+";NA;"+";NA;NA;NA;13;-186.193358783135;402.669070507446;16.5644895898834;1.94456471871126e-05
0.692867207974574;"+";-0.16568108370327;NA;-0.48259722259322;"+";NA;"+";"+";NA;-0.0782493548142225;"+";"+";NA;NA;NA;"+";NA;13;-186.194027731264;402.670408403704;16.5658274861414;1.94326434077219e-05
-0.330566113046995;"+";0.584853249145441;-0.159949350112751;0.312246187199376;"+";"+";"+";"+";NA;-0.591211253621144;"+";"+";"+";"+";"+";NA;NA;17;-180.580502123988;402.716559803531;16.6119788859685;1.89893558159064e-05
0.647036674566406;"+";-0.807258574906929;-0.161767027798869;-0.326968547418081;"+";"+";"+";"+";0.232350094947087;NA;"+";"+";NA;"+";NA;NA;NA;15;-183.471906022299;402.726944574718;16.6223636571554;1.88910113006154e-05
-0.386300946966495;"+";-0.322359309884213;-0.156444475564212;0.371668073659067;"+";NA;"+";"+";NA;0.0333546360593267;"+";"+";NA;NA;"+";"+";NA;15;-183.472943207414;402.729018944949;16.6244380273861;1.88714279823988e-05
0.189890519966493;"+";-0.531750035501586;-0.161412437948939;-0.0513789704290635;"+";"+";"+";NA;0.26631836759654;-0.240143326920914;"+";"+";NA;NA;NA;"+";NA;15;-183.509544616193;402.802221762506;16.6976408449437;1.81931949893752e-05
-0.367828600993357;"+";-0.333239221458803;-0.15719244598651;0.357330054094274;"+";"+";"+";"+";NA;NA;"+";"+";NA;"+";"+";NA;NA;15;-183.532367772753;402.847868075626;16.743287158063;1.77826713938283e-05
-0.361684169405952;"+";-0.39827571856733;-0.154360224351446;0.349599789373555;"+";"+";"+";"+";NA;0.0123024187951757;"+";"+";NA;NA;"+";NA;NA;15;-183.554532861332;402.892198252785;16.7876173352227;1.73928530457008e-05
-0.348313076401484;"+";-0.204794357022641;NA;0.210428106519847;"+";NA;"+";"+";NA;-0.00157010677086102;"+";"+";NA;NA;"+";"+";NA;14;-184.946398163399;402.892796326799;16.788215409236;1.73876527165727e-05
-0.331791587920423;"+";-0.182207268132302;NA;0.196711092776415;"+";"+";"+";"+";NA;-0.0519251723852057;"+";"+";NA;NA;"+";NA;NA;14;-184.978386221097;402.956772442193;16.8521915246304;1.68402572131581e-05
-0.33449758015189;"+";-0.267517139792509;NA;0.198641435651889;"+";"+";"+";"+";NA;NA;"+";"+";NA;"+";"+";NA;NA;14;-184.988356869926;402.976713739852;16.8721328222891;1.66731832244446e-05
-0.301786330329395;"+";0.709706538180139;NA;0.152626580668339;"+";"+";"+";"+";NA;-0.630029931823144;"+";"+";"+";"+";"+";NA;NA;16;-182.17182917938;402.977804700223;16.8732237826607;1.66640908134526e-05
0.40473976346451;"+";0.0265518920417548;NA;-0.370006122640028;"+";"+";NA;NA;NA;-0.240515712235436;"+";"+";NA;NA;NA;"+";NA;12;-187.746040040921;403.119987058586;17.0154061410234;1.55205503440917e-05
0.114951880439225;"+";-0.0786499424303175;NA;-0.129343107831238;"+";"+";"+";NA;NA;-0.164163185457577;"+";"+";NA;NA;NA;"+";NA;13;-186.465593248862;403.2135394389;17.1089585213373;1.48112760254004e-05
-0.214954291330652;"+";-0.0384629578612048;-0.139204186311157;0.208301591629126;"+";"+";"+";"+";0.146741873636251;-0.481810782121334;"+";"+";"+";NA;"+";NA;NA;17;-180.842285649283;403.240126854122;17.1355459365589;1.46156822165084e-05
1.06328051865788;"+";-0.272873952466325;-0.163097797589173;-0.596561483493744;"+";"+";NA;"+";NA;-0.0355655312400267;"+";"+";NA;NA;NA;"+";NA;14;-185.226369634217;403.452739268433;17.3481583508708;1.31416801413089e-05
-0.168399611203919;"+";-0.580828174155655;-0.138811353208643;0.18983618391503;"+";"+";"+";"+";0.267712185257479;-0.180070843807692;"+";"+";NA;NA;"+";NA;NA;16;-182.413582296077;403.461310933617;17.3567300160541;1.308547762357e-05
1.05019250475983;"+";-0.212670751322988;-0.16161484366841;-0.590565189190075;"+";"+";NA;"+";NA;-0.0870941163070372;"+";"+";NA;"+";NA;NA;NA;14;-185.241900371592;403.483800743183;17.3792198256207;1.29391568967952e-05
-0.194990726783986;"+";-0.365063436927324;-0.137187447899768;0.209055928819755;"+";NA;"+";"+";0.248263554825886;-0.250335592826119;"+";"+";NA;NA;"+";"+";NA;16;-182.489344846552;403.612836034567;17.508255117004;1.21307128221416e-05
-0.207788149893486;"+";-0.777580163203163;-0.145032266327476;0.225410861414265;"+";"+";"+";"+";0.235568906665107;NA;"+";"+";NA;"+";"+";NA;NA;16;-182.548294121219;403.730734583902;17.6261536663391;1.14362851867892e-05
1.21445841307948;"+";-0.491483697288671;-0.144238587255333;-0.741009057815779;"+";"+";NA;"+";0.28449872729027;-0.267212821253216;"+";"+";NA;"+";NA;NA;NA;15;-183.974114874819;403.731362279759;17.6267813621959;1.14326964955556e-05
1.21534549126136;"+";-0.46455908778555;-0.145709226127079;-0.739364980966169;"+";"+";NA;"+";0.282658308428344;-0.270196571585762;"+";"+";NA;NA;NA;"+";NA;15;-183.977625297518;403.738383125157;17.6338022075946;1.13926332588524e-05
1.20621922039515;"+";-0.0880338492112167;NA;-0.838247382085708;"+";"+";NA;"+";NA;-0.131341100775681;"+";"+";NA;"+";NA;NA;NA;13;-186.784457366461;403.851267674099;17.7466867565365;1.07674174000126e-05
1.20426202176618;"+";-0.0105738850344935;NA;-0.836317535109986;"+";"+";NA;"+";NA;-0.16618153661239;"+";"+";NA;NA;NA;"+";NA;13;-186.799392391194;403.881137723564;17.7765568060013;1.06078006617375e-05
0.507161029632466;"+";0.0540129108372399;-0.169672933708508;-0.234365701712997;"+";"+";"+";"+";0.0911375741398262;-0.391081979852173;"+";"+";"+";NA;NA;"+";NA;17;-181.18375217637;403.923059908296;17.8184789907335;1.03877637357917e-05
0.473078459800594;"+";0.441123606447444;-0.168556464896838;-0.217260099670376;"+";"+";"+";"+";0.0946560337440048;-0.644031551585643;"+";"+";"+";"+";NA;NA;NA;17;-181.226387231234;404.008330018024;17.9037491004614;9.95418927000403e-06
0.426758157406734;"+";0.239009922181168;-0.176457726879954;-0.169571988873514;"+";"+";"+";"+";NA;-0.395811378342277;"+";"+";"+";"+";NA;"+";NA;17;-181.288646268232;404.13284809202;18.028267174457;9.35334896948736e-06
0.450709970898621;"+";-0.363230288198711;-0.174917319273269;-0.165951234406187;"+";"+";"+";"+";NA;0.00767717188998777;"+";"+";NA;NA;NA;"+";NA;15;-184.386341606573;404.555815743267;18.4512348257043;7.57043577695641e-06
0.438511502222668;"+";-0.317869520382762;-0.173141968887148;-0.160999204122842;"+";"+";"+";"+";NA;-0.0369441085293297;"+";"+";NA;"+";NA;NA;NA;15;-184.401535031233;404.586202592586;18.4816216750232;7.45628430313524e-06
-0.321004453551242;"+";-0.0382632551633484;-0.155393894986638;0.304006682134012;"+";"+";"+";"+";0.0857664594186556;-0.275472958371666;"+";"+";"+";NA;"+";"+";NA;18;-180.224590865135;404.99918173027;18.8946008127073;6.06520073179641e-06
-0.414444481121074;"+";-0.373333758985285;-0.159687947107844;0.379022765754984;"+";"+";"+";"+";NA;0.0334851682441722;"+";"+";"+";"+";"+";"+";NA;18;-180.265679927852;405.081359855704;18.9767789381412;5.82103788082244e-06
0.653142628560888;"+";0.473652741736245;NA;-0.479048891284384;"+";"+";"+";"+";NA;-0.505471931354792;"+";"+";"+";"+";NA;"+";NA;16;-183.227388164504;405.088922670471;18.9843417529083;5.79906773042366e-06
0.661258444407259;"+";-0.557625006741412;-0.154580015037597;-0.347119084513898;"+";"+";"+";"+";0.269692721322432;-0.216945887893176;"+";"+";NA;"+";NA;NA;NA;16;-183.280666065961;405.195478473385;19.0908975558225;5.49819175873363e-06
0.663156040160069;"+";-0.522194591602431;-0.15619080747147;-0.346142911306925;"+";"+";"+";"+";0.267654994608744;-0.223295829046202;"+";"+";NA;NA;NA;"+";NA;16;-183.286221350387;405.206589042237;19.1020081246746;5.46773242315533e-06
-0.387293022936137;"+";-0.251377205575774;NA;0.220181027840264;"+";"+";"+";"+";NA;-0.00492559365849293;"+";"+";"+";"+";"+";"+";NA;17;-181.86576215371;405.287079862975;19.1824989454126;5.25205050245792e-06
0.672762629521479;"+";-0.165230649604775;NA;-0.469972070221884;"+";"+";"+";"+";NA;-0.0948270901492688;"+";"+";NA;"+";NA;NA;NA;14;-186.154032939487;405.308065878975;19.203484961412;5.1972288197016e-06
0.67353624081551;"+";-0.0692795710913605;NA;-0.470201641860532;"+";"+";"+";"+";NA;-0.139070435350817;"+";"+";NA;NA;NA;"+";NA;14;-186.174990924704;405.349981849408;19.2454009318452;5.08943885063772e-06
-0.264388961575653;"+";0.404332747344112;-0.15297350878297;0.257326820499599;"+";"+";"+";"+";0.0992562137684288;-0.598468073157704;"+";"+";"+";"+";"+";NA;NA;18;-180.449374369341;405.448748738682;19.3441678211194;4.84420979189876e-06
-0.392642433855063;"+";-0.467144389246921;-0.160343131165627;0.380463873540491;"+";"+";"+";"+";NA;0.123238339070124;"+";"+";NA;NA;"+";"+";NA;16;-183.43373679069;405.501619922844;19.3970390052809;4.71782808547454e-06
-0.348462401888132;"+";-0.214047931105997;NA;0.21059322938475;"+";"+";"+";"+";NA;0.0042914667738006;"+";"+";NA;NA;"+";"+";NA;15;-184.946227482825;405.675587495771;19.5710065782088;4.32479506674161e-06
-0.367702939147596;"+";-0.331674931858921;-0.157167168578042;0.357212857516746;"+";"+";"+";"+";NA;-0.001046090722689;"+";"+";NA;"+";"+";NA;NA;16;-183.532362869655;405.698872080773;19.5942911632102;4.27473650122258e-06
-0.33058951931879;"+";-0.195357600757763;NA;0.195651029282317;"+";"+";"+";"+";NA;-0.0492391021252151;"+";"+";NA;"+";"+";NA;NA;15;-184.97760669414;405.738345918401;19.6337650008387;4.19119352636992e-06
1.09701883783628;"+";-0.563119392523221;-0.162109675140074;-0.618482440424814;"+";"+";NA;"+";NA;0.142404099956467;"+";"+";NA;"+";NA;"+";NA;15;-185.197777755466;406.178688041053;20.0741071234904;3.36293627326685e-06
-0.191789785207361;"+";-0.617393339119521;-0.142793428095012;0.212500516740878;"+";"+";"+";"+";0.260796624724372;-0.108278359658623;"+";"+";NA;NA;"+";"+";NA;17;-182.369458824779;406.294473205114;20.1898922875515;3.17377553971579e-06
-0.170116306375187;"+";-0.568164628844804;-0.13936469342869;0.191759348243811;"+";"+";"+";"+";0.266937036035735;-0.181920972825368;"+";"+";NA;"+";"+";NA;NA;17;-182.412832595509;406.381220746573;20.2766398290103;3.03905961516905e-06
1.24596111435983;"+";-0.383084043757863;NA;-0.862547073034366;"+";"+";NA;"+";NA;0.0616912943514427;"+";"+";NA;"+";NA;"+";NA;14;-186.753942966771;406.507885933541;20.4033050159784;2.85255629238928e-06
1.24980708494026;"+";-0.759854507194489;-0.144807665395378;-0.762148214290673;"+";"+";NA;"+";0.282554664968782;-0.0890043988647376;"+";"+";NA;"+";NA;"+";NA;16;-183.947332786318;406.528811914099;20.424230996536;2.8228656210978e-06
0.502428703764178;"+";0.111499603507268;-0.169815616788725;-0.23158068227223;"+";"+";"+";"+";0.0906631970096446;-0.42543833978594;"+";"+";"+";"+";NA;"+";NA;18;-181.182648062714;406.915296125428;20.8107152078649;2.32683841105309e-06
0.480490394515957;"+";-0.714062102660789;-0.174048091697439;-0.183383869405241;"+";"+";"+";"+";NA;0.220903216196238;"+";"+";NA;"+";NA;"+";NA;16;-184.343727501478;407.321601344419;21.2170204268559;1.89905772989861e-06
-0.342656275261431;"+";0.123163745172538;-0.157168579562104;0.321368507847285;"+";"+";"+";"+";NA;-0.285837675881177;"+";"+";"+";"+";"+";"+";"+";19;-180.134624146082;407.889501456721;21.7849205391586;1.42961871431685e-06
-0.417294676743219;"+";-1.23347530597844;NA;0.264733777085812;"+";"+";"+";"+";NA;0.628428723350277;"+";"+";NA;"+";"+";"+";NA;16;-184.631482114388;407.89711057024;21.7925296526773;1.42418998228179e-06
-0.451749560968213;"+";-1.35674150507531;-0.156425171624224;0.424466036157295;"+";"+";"+";"+";NA;0.669583309289145;"+";"+";NA;"+";"+";"+";NA;17;-183.184874230108;407.925304015772;21.8207230982092;1.40425441415204e-06
-0.308921489675544;"+";0.319392292258882;NA;0.1593234079672;"+";"+";"+";"+";NA;-0.3747215882297;"+";"+";"+";"+";"+";"+";"+";18;-181.694060294257;407.938120588515;21.833539670952;1.3952843218851e-06
-0.349931863675182;"+";-0.492393470010746;-0.153447281856385;0.325643968690837;"+";"+";"+";"+";0.0885468631981454;4.38151392017572e-05;"+";"+";"+";"+";"+";"+";NA;19;-180.161780766829;407.943814698215;21.8392337806521;1.39131752041938e-06
0.709235159256118;"+";-0.486924444060608;NA;-0.490885582695715;"+";"+";"+";"+";NA;0.114531015004681;"+";"+";NA;"+";NA;"+";NA;15;-186.117141633432;408.017415796985;21.9128348794227;1.34104693708509e-06
0.693364436669194;"+";-0.852304892002801;-0.155435063876136;-0.364549393465245;"+";"+";"+";"+";0.267041095260956;-0.0215840759648272;"+";"+";NA;"+";NA;"+";NA;17;-183.24761171767;408.050778990896;21.9461980733333;1.31886168972546e-06
-0.246054610065275;"+";-1.454231562826;-0.139411038213693;0.252626032036575;"+";"+";"+";"+";0.25761056629936;0.409974877489616;"+";"+";NA;"+";"+";"+";NA;18;-182.14252019532;408.835040390639;22.7304594730768;8.91043802570888e-07
-0.285303771904436;"+";-0.0120878138017393;-0.151527273601436;0.27384011240835;"+";"+";"+";"+";0.0834060940660012;-0.302918949180424;"+";"+";"+";"+";"+";"+";"+";20;-180.04204703453;410.853324838291;24.7487439207286;3.24813562399252e-07
