"(Intercept)";"pop";"scale(log(mean_fgm), scale = F)";"scale(mass1, scale = F)";"scale(quali_coh, scale = F)";"sex";"pop:scale(log(mean_fgm), scale = F)";"pop:scale(quali_coh, scale = F)";"pop:sex";"scale(log(mean_fgm), scale = F):scale(mass1, scale = F)";"scale(log(mean_fgm), scale = F):scale(quali_coh, scale = F)";"scale(log(mean_fgm), scale = F):sex";"scale(quali_coh, scale = F):sex";"pop:scale(log(mean_fgm), scale = F):scale(quali_coh, scale = F)";"pop:scale(log(mean_fgm), scale = F):sex";"pop:scale(quali_coh, scale = F):sex";"scale(log(mean_fgm), scale = F):scale(quali_coh, scale = F):sex";"pop:scale(log(mean_fgm), scale = F):scale(quali_coh, scale = F):sex";"df";"logLik";"AICc";"delta";"weight"
-0.304604544899186;NA;NA;NA;NA;NA;NA;NA;NA;NA;NA;NA;NA;NA;NA;NA;NA;NA;3;-93.1714122264628;192.842824452926;0;0.0841637481113235
-0.286045753948028;NA;NA;-0.124643467748643;NA;NA;NA;NA;NA;NA;NA;NA;NA;NA;NA;NA;NA;NA;4;-92.0429919283594;192.937047686506;0.0942232335805215;0.0802906091267441
-0.483877490123168;NA;NA;-0.190532655668234;NA;"+";NA;NA;NA;NA;NA;NA;NA;NA;NA;NA;NA;NA;5;-91.4212262254032;194.146800276893;1.30397582396776;0.0438500724726625
0.0395328647748479;"+";NA;-0.176527521332544;NA;NA;NA;NA;NA;NA;NA;NA;NA;NA;NA;NA;NA;NA;5;-91.4404261399393;194.185200105966;1.34237565304008;0.0430161857225658
-0.306431433419724;NA;-0.455191454684308;-0.134516372519829;NA;NA;NA;NA;NA;NA;NA;NA;NA;NA;NA;NA;NA;NA;5;-91.466859146479;194.238066119045;1.39524166611946;0.0418940348515371
-0.322339052034874;NA;-0.377717363142275;NA;NA;NA;NA;NA;NA;NA;NA;NA;NA;NA;NA;NA;NA;NA;4;-92.7777421409496;194.406548111687;1.56372365876098;0.0385094033435333
-0.112630341795351;"+";NA;-0.282812673918019;NA;"+";NA;NA;NA;NA;NA;NA;NA;NA;NA;NA;NA;NA;6;-90.3511660489696;194.568998764606;1.72617431168041;0.0355051276785796
-0.314734050359168;NA;NA;-0.162513104895292;0.128133394987385;NA;NA;NA;NA;NA;NA;NA;NA;NA;NA;NA;NA;NA;5;-91.7576850470114;194.81971792011;1.97689346718425;0.0313219005184993
0.115257977961724;"+";-0.567134380266673;-0.201741767289935;NA;NA;NA;NA;NA;NA;NA;NA;NA;NA;NA;NA;NA;NA;6;-90.5190272268882;194.904721120443;2.06189666751754;0.030018562784184
-0.0535125644018375;"+";-0.605417742246581;-0.316266251363672;NA;"+";NA;NA;NA;NA;NA;NA;NA;NA;NA;NA;NA;NA;7;-89.2538334935469;195.053121532548;2.21029707962288;0.0278718088840092
-0.257223396892144;"+";NA;NA;NA;NA;NA;NA;NA;NA;NA;NA;NA;NA;NA;NA;NA;NA;4;-93.153801064876;195.158665959539;2.31584150661365;0.0264390882389496
-0.298744881020226;NA;NA;NA;-0.0211652226025172;NA;NA;NA;NA;NA;NA;NA;NA;NA;NA;NA;NA;NA;4;-93.161024282513;195.173112394813;2.3302879418876;0.0262488010208217
-0.306916917513123;NA;NA;NA;NA;"+";NA;NA;NA;NA;NA;NA;NA;NA;NA;NA;NA;NA;4;-93.1713073925036;195.193678614795;2.35085416186899;0.0259802647729876
-0.51634891087224;NA;-0.483200421009471;-0.206206465517833;NA;"+";NA;NA;NA;NA;NA;NA;NA;NA;NA;NA;NA;NA;6;-90.776326196498;195.419319059663;2.57649460673719;0.0232084626178746
-0.354742642857377;NA;-0.599564218533164;-0.196784350224981;0.204367309039732;NA;NA;NA;NA;NA;NA;NA;NA;NA;NA;NA;NA;NA;6;-90.8122894818727;195.491245630412;2.64842117748654;0.0223886401664445
-0.575975285552614;NA;NA;-0.258688432939447;0.185547740114317;"+";NA;NA;NA;NA;NA;NA;NA;NA;NA;NA;NA;NA;6;-90.8545466040758;195.575759874818;2.73293542189268;0.0214622713477073
-0.650340328905438;NA;-0.658101236580968;-0.306306285822978;0.270401359880483;"+";NA;NA;NA;NA;NA;NA;NA;NA;NA;NA;NA;NA;7;-89.6820574744446;195.909569494344;3.0667450414183;0.0181630945398336
0.245492133922981;"+";NA;-0.169554355475602;-0.118792281845275;NA;NA;NA;NA;NA;NA;NA;NA;NA;NA;NA;NA;NA;6;-91.3746538108879;196.615974288442;3.77314983551693;0.0127583934623124
-0.238022063537198;"+";-0.396865657038554;NA;NA;NA;NA;NA;NA;NA;NA;NA;NA;NA;NA;NA;NA;NA;5;-92.7244133562329;196.753174538553;3.91035008562719;0.011912511575943
-0.305414862366586;NA;-0.45967410032112;-0.134011188306819;NA;NA;NA;NA;NA;0.0083735920361795;NA;NA;NA;NA;NA;NA;NA;NA;6;-91.4654377129696;196.797542092606;3.95471763968044;0.0116511567123982
-0.324273074970378;NA;-0.381474336872581;NA;0.00646794688065809;NA;NA;NA;NA;NA;NA;NA;NA;NA;NA;NA;NA;NA;5;-92.7768267427285;196.858001311544;4.01517685861842;0.0113042171389211
-0.316917710960369;NA;-0.378522970571946;NA;NA;"+";NA;NA;NA;NA;NA;NA;NA;NA;NA;NA;NA;NA;5;-92.7771513705307;196.858650567148;4.01582611422293;0.011300548071328
0.00558762812879068;"+";NA;-0.277911062995834;NA;"+";NA;NA;"+";NA;NA;NA;NA;NA;NA;NA;NA;NA;7;-90.1871949023467;196.919844350148;4.07701989722244;0.0109600225053959
0.0240013088767104;"+";-1.36955699743397;-0.33785743110402;NA;"+";"+";NA;NA;NA;NA;NA;NA;NA;NA;NA;NA;NA;8;-88.8025365043383;196.953910217979;4.11108576505347;0.0107749220434206
0.182115033372572;"+";NA;NA;-0.239350628774838;NA;NA;NA;NA;NA;NA;NA;NA;NA;NA;NA;NA;NA;5;-92.8969634852391;197.098274796565;4.25545034363969;0.0100245703229569
0.175393397980826;"+";-1.12935759421036;-0.210906103573406;NA;NA;"+";NA;NA;NA;NA;NA;NA;NA;NA;NA;NA;NA;7;-90.281552415254;197.108559375963;4.26573492303709;0.00997315339193075
0.0557297810242063;"+";NA;-0.276288746138086;-0.0968517646565914;"+";NA;NA;NA;NA;NA;NA;NA;NA;NA;NA;NA;NA;7;-90.3050402793438;197.155535104142;4.31271065121666;0.00974163490150737
0.115700417580586;"+";-0.569763919606397;-0.201370463431341;NA;NA;NA;NA;NA;0.00536042649898431;NA;NA;NA;NA;NA;NA;NA;NA;7;-90.5184343945988;197.582323334652;4.73949888172666;0.00786965986790495
0.134175264324042;"+";-0.56341933339887;-0.200898572657011;-0.0111953194091992;NA;NA;NA;NA;NA;NA;NA;NA;NA;NA;NA;NA;NA;7;-90.5184553555579;197.58236525657;4.7395408036449;0.00786949491401498
-0.256983875319058;"+";NA;NA;NA;"+";NA;NA;NA;NA;NA;NA;NA;NA;NA;NA;NA;NA;5;-93.1538002006559;197.611948227399;4.76912377447326;0.00775395004157043
-0.303679894039579;NA;NA;NA;-0.0217341989389527;"+";NA;NA;NA;NA;NA;NA;NA;NA;NA;NA;NA;NA;5;-93.1605170850895;197.625381996266;4.7825575433404;0.00770204217994979
0.0301607596222239;"+";-0.588134910996831;-0.311883255475971;NA;"+";NA;NA;"+";NA;NA;NA;NA;NA;NA;NA;NA;NA;8;-89.1640688466142;197.676974902531;4.83415044960523;0.00750589760403836
-0.0554915732968939;"+";-0.598804394015969;-0.317710498235525;NA;"+";NA;NA;NA;-0.0137942533021882;NA;NA;NA;NA;NA;NA;NA;NA;8;-89.2497072639679;197.848251737238;5.00542728431267;0.00688985914475407
-0.0927483050933725;"+";-0.613313513489133;-0.318299137997152;0.0231002807953783;"+";NA;NA;NA;NA;NA;NA;NA;NA;NA;NA;NA;NA;8;-89.2512537497418;197.851344708786;5.00852025586039;0.00687921231031375
-0.0530894368702467;"+";-0.611517952370647;-0.316222944956002;NA;"+";NA;NA;NA;NA;NA;"+";NA;NA;NA;NA;NA;NA;8;-89.2537176524098;197.856272514122;5.01344806119639;0.00686228346482675
-0.372857000762103;NA;-0.460868201835449;-0.198597862703602;0.202172508180034;NA;NA;NA;NA;NA;0.14391014900029;NA;NA;NA;NA;NA;NA;NA;7;-90.6713763414238;197.888207228302;5.04538277537654;0.00675358108864065
-0.564977254722625;NA;NA;-0.259765743013434;0.235240671038815;"+";NA;NA;NA;NA;NA;NA;"+";NA;NA;NA;NA;NA;7;-90.730018140929;198.005490827312;5.16266637438696;0.0063689275527715
-0.5178413752317;NA;-0.446607070991442;-0.206681942229541;NA;"+";NA;NA;NA;NA;NA;"+";NA;NA;NA;NA;NA;NA;7;-90.7723187690969;198.090092083648;5.24726763072289;0.00610513651309244
-0.51749447805869;NA;-0.480224972539414;-0.206687530637932;NA;"+";NA;NA;NA;-0.00558131805604932;NA;NA;NA;NA;NA;NA;NA;NA;7;-90.7756753124441;198.096805170343;5.25398071741711;0.00608467871070359
-0.356015797786063;NA;-0.595855138570112;-0.197590951987985;0.205284701234924;NA;NA;NA;NA;-0.00847329417244143;NA;NA;NA;NA;NA;NA;NA;NA;7;-90.8108279023373;198.167110350129;5.32428589720354;0.00587450226117629
-0.376059997643971;"+";-3.34263033878573;-0.391604084022169;0.248284646831801;"+";"+";NA;NA;NA;1.19466726005795;NA;NA;NA;NA;NA;NA;NA;10;-86.518381916351;198.402617491239;5.5597930383131;0.00522193365025102
-0.187799963980643;"+";-3.09470477411619;-0.263417186221739;0.219689412850035;NA;"+";NA;NA;NA;1.20709308953815;NA;NA;NA;NA;NA;NA;NA;9;-88.093327299804;198.472368885322;5.62954443239673;0.00504295423119067
-0.656147945927455;NA;-0.558891637838294;-0.305046224122477;0.266494152015567;"+";NA;NA;NA;NA;0.104702226120896;NA;NA;NA;NA;NA;NA;NA;8;-89.6046395064898;198.558116222282;5.7152917693565;0.00483131360628488
-0.644539653741896;NA;-0.641085221684081;-0.305548124907305;0.290875119377113;"+";NA;NA;NA;NA;NA;NA;"+";NA;NA;NA;NA;NA;8;-89.6550634426715;198.658964094645;5.81613964171973;0.00459373979592429
-0.659216183553194;NA;-0.64461194404403;-0.310777377177943;0.274703792665231;"+";NA;NA;NA;-0.0319887792126761;NA;NA;NA;NA;NA;NA;NA;NA;8;-89.6603327393082;198.669502687919;5.82667823499315;0.00456959768011229
-0.653700213403377;NA;-0.592652237763818;-0.307754787204259;0.271826717881767;"+";NA;NA;NA;NA;NA;"+";NA;NA;NA;NA;NA;NA;8;-89.6684770556757;198.685791320654;5.84296686772825;0.00453253257079809
0.106882995602346;"+";-0.350071112759203;NA;-0.188016423946296;NA;NA;NA;NA;NA;NA;NA;NA;NA;NA;NA;NA;NA;6;-92.5684790363509;199.003624739368;6.16080028644294;0.003866555814307
-0.00597725027947815;"+";NA;-0.173264447541666;0.0284836367909216;NA;NA;"+";NA;NA;NA;NA;NA;NA;NA;NA;NA;NA;7;-91.2605384814312;199.066531508317;6.2237070553914;0.0037468322731726
-0.215388730195175;"+";-0.702353220137609;NA;NA;NA;"+";NA;NA;NA;NA;NA;NA;NA;NA;NA;NA;NA;6;-92.6558421872787;199.178351041224;6.33552658829856;0.00354309624161738
-0.339164437734004;NA;-0.266651809136751;NA;0.00539977863098938;NA;NA;NA;NA;NA;0.119192000400233;NA;NA;NA;NA;NA;NA;NA;6;-92.6848942265828;199.236455119832;6.39363066690666;0.00344164291893436
-0.225250861108525;"+";-0.399009446115974;NA;NA;"+";NA;NA;NA;NA;NA;NA;NA;NA;NA;NA;NA;NA;6;-92.7220652013828;199.310797069432;6.46797261650681;0.00331606213583843
-0.318005631465422;NA;-0.382971183140812;NA;0.00735540040509408;"+";NA;NA;NA;NA;NA;NA;NA;NA;NA;NA;NA;NA;6;-92.7759902051358;199.418647076938;6.57582262401272;0.00314197936247303
-0.316717929271705;NA;-0.398316988738858;NA;NA;"+";NA;NA;NA;NA;NA;"+";NA;NA;NA;NA;NA;NA;6;-92.7761321623613;199.418930991389;6.57610653846376;0.00314153336745694
0.00315717142381653;"+";NA;NA;-0.137838540221881;NA;NA;"+";NA;NA;NA;NA;NA;NA;NA;NA;NA;NA;6;-92.8423301728282;199.551327012323;6.70850255939763;0.0029403040778493
0.174113065612977;"+";NA;NA;-0.241199667730868;"+";NA;NA;NA;NA;NA;NA;NA;NA;NA;NA;NA;NA;6;-92.8950156154101;199.656697897487;6.8138734445613;0.00278940290744309
0.135970806393752;"+";NA;-0.272936556566889;-0.0782323812187771;"+";NA;NA;"+";NA;NA;NA;NA;NA;NA;NA;NA;NA;8;-90.1572165564664;199.663270322235;6.82044586930962;0.00278025138225554
-0.0983167002304198;"+";NA;NA;NA;"+";NA;NA;"+";NA;NA;NA;NA;NA;NA;NA;NA;NA;6;-92.9026187019733;199.671904070613;6.82907961768774;0.00276827525513972
0.105121912599139;"+";-1.34914810905778;-0.333614167016594;NA;"+";"+";NA;"+";NA;NA;NA;NA;NA;NA;NA;NA;NA;9;-88.7164530277166;199.718620341147;6.87579588822189;0.00270436285044157
-0.183216396517681;"+";NA;-0.279063241806368;0.043550746027191;"+";NA;"+";NA;NA;NA;NA;NA;NA;NA;NA;NA;NA;8;-90.1998040135857;199.748445236474;6.90562078354827;0.0026643333913921
0.0505693923469995;"+";NA;-0.27735677025271;-0.0452909515007819;"+";NA;NA;NA;NA;NA;NA;"+";NA;NA;NA;NA;NA;8;-90.2023718379568;199.753580885216;6.91075643229041;0.00265750062760017
0.180463449973207;"+";-1.1738283242375;-0.209367901210997;NA;NA;"+";NA;NA;0.0287371972189462;NA;NA;NA;NA;NA;NA;NA;NA;8;-90.2651578328233;199.879152874949;7.03632842202344;0.00249577692253644
0.027175802711613;"+";-1.39282252044748;-0.336659630535358;NA;"+";"+";NA;NA;0.0155632930815747;NA;NA;NA;NA;NA;NA;NA;NA;9;-88.7974415060773;199.880597297869;7.03777284494328;0.00249397509457031
0.000662241884444439;"+";-1.37325861165342;-0.339082387985271;0.0136917023469021;"+";"+";NA;NA;NA;NA;NA;NA;NA;NA;NA;NA;NA;9;-88.8016251250987;199.888964535912;7.04614008298606;0.00248356304813011
0.0233976823848307;"+";-1.35487381413963;-0.33806352184363;NA;"+";"+";NA;NA;NA;NA;"+";NA;NA;NA;NA;NA;NA;9;-88.8016444124972;199.889003110709;7.04617865778306;0.00248351514712184
0.212417259406508;"+";-1.12452766142754;-0.209269913253811;-0.021827887660063;NA;"+";NA;NA;NA;NA;NA;NA;NA;NA;NA;NA;NA;8;-90.2793741044713;199.907585418245;7.06476096531938;0.0024605472901755
0.263707882597818;"+";-3.25350136483554;-0.426084026060285;NA;"+";"+";NA;"+";NA;NA;"+";NA;NA;"+";NA;NA;NA;11;-85.6613838769234;199.922767753847;7.07994330092134;0.00244193957929833
-0.291977642269389;NA;NA;NA;0.0218090749233869;"+";NA;NA;NA;NA;NA;NA;"+";NA;NA;NA;NA;NA;6;-93.072309286936;200.011285240539;7.1684607876131;0.00233621918494151
0.0638227507177151;"+";-0.472311864925603;-0.201627454190691;0.0134793204154379;NA;NA;NA;NA;NA;0.0980113205131865;NA;NA;NA;NA;NA;NA;NA;8;-90.4568417128361;200.262520634975;7.41969618204902;0.00206043307752988
-0.0284527217261323;"+";-0.544130020915491;-0.2024575782924;0.0830924092234632;NA;NA;"+";NA;NA;NA;NA;NA;NA;NA;NA;NA;NA;8;-90.4677023220842;200.284241853471;7.44141740054519;0.00203817659722838
0.138220197153945;"+";-0.565829031074888;-0.200302572339252;-0.0132813898426821;NA;NA;NA;NA;0.0063289588708387;NA;NA;NA;NA;NA;NA;NA;NA;8;-90.5176488665679;200.384134942438;7.54131048951257;0.00193887719252365
-0.356523802503397;"+";-4.26672780036717;-0.393790862292147;0.245808185455054;"+";"+";NA;NA;NA;1.51813713895309;"+";NA;NA;NA;NA;NA;NA;11;-85.9031726185403;200.406345237081;7.56352078415512;0.0019174647896623
-0.0248562933055179;"+";-0.599134365362394;-0.314710290798273;0.0333122977778182;"+";NA;NA;"+";NA;NA;NA;NA;NA;NA;NA;NA;NA;9;-89.1587050283072;200.603124342329;7.7602998894032;0.00173779025690641
0.0316374181278274;"+";-0.603321399784885;-0.311761802000008;NA;"+";NA;NA;"+";NA;NA;"+";NA;NA;NA;NA;NA;NA;9;-89.1633457552155;200.612405796145;7.76958134321984;0.00172974433081301
0.0297570358894995;"+";-0.587710176172897;-0.312000267849715;NA;"+";NA;NA;"+";-0.000991838305199807;NA;NA;NA;NA;NA;NA;NA;NA;9;-89.1640482756795;200.613810837073;7.77098638414776;0.00172852957676795
-0.374567736832449;NA;-0.45549496380576;-0.199634397950425;0.203314604992574;NA;NA;NA;NA;-0.0108764402337589;0.144472298813689;NA;NA;NA;NA;NA;NA;NA;8;-90.6689500120841;200.68673723347;7.84391278054497;0.00166663711609954
-0.231081312492839;"+";-0.596469932333453;-0.318891359316982;0.103695580355698;"+";NA;"+";NA;NA;NA;NA;NA;NA;NA;NA;NA;NA;9;-89.2135549966823;200.712824279079;7.86999982615333;0.00164503945784956
-0.0910286201426468;"+";-0.598809688909406;-0.317864852901084;0.0435654083865091;"+";NA;NA;NA;NA;NA;NA;"+";NA;NA;NA;NA;NA;9;-89.2279680821756;200.741650450066;7.89882599714002;0.00162149941335076
-0.132762480633965;"+";-3.57206914421;-0.259184836284645;0.202617166818534;NA;"+";NA;NA;0.144462144902982;1.36984963345201;NA;NA;NA;NA;NA;NA;NA;10;-87.6903684751251;200.746590608787;7.90376615586132;0.00161749912366694
-0.121238006201231;"+";-0.573668468518969;-0.31724862324162;0.0331072680478661;"+";NA;NA;NA;NA;0.0436173615457214;NA;NA;NA;NA;NA;NA;NA;9;-89.2386237042735;200.762961694261;7.92013724133579;0.00160431305664583
-0.0529372183179457;"+";-0.682114318703588;-0.32009874897961;NA;"+";NA;NA;NA;-0.0433043409382525;NA;"+";NA;NA;NA;NA;NA;NA;9;-89.239038901623;200.76379208896;7.92096763603473;0.00160364708838069
-0.104237212954944;"+";-0.607504966819949;-0.320442270233777;0.028511304206715;"+";NA;NA;NA;-0.0159503089386179;NA;NA;NA;NA;NA;NA;NA;NA;9;-89.2458769938901;200.777468273495;7.93464382056905;0.00159271860918508
-0.0924542785486209;"+";-0.61419936929492;-0.318280838609168;0.0229654264988116;"+";NA;NA;NA;NA;NA;"+";NA;NA;NA;NA;NA;NA;9;-89.2512511370587;200.788216559832;7.94539210690621;0.00158418207018902
-0.516112890557646;NA;-0.424116564504713;-0.205829477882554;NA;"+";NA;NA;NA;0.0144308079414595;NA;"+";NA;NA;NA;NA;NA;NA;8;-90.7706947118445;200.890226632991;8.04740218006575;0.00150540684941976
-0.323737340200299;"+";-3.75675236598927;-0.384320502561283;0.233030031090589;"+";"+";NA;NA;0.127443290492376;1.33941928255941;NA;NA;NA;NA;NA;NA;NA;11;-86.1866604554738;200.973320910948;8.13049645802198;0.00144414298338032
-0.650273343342463;NA;-0.540704119061243;-0.304302296926776;0.287301627877051;"+";NA;NA;NA;NA;0.105606542832433;NA;"+";NA;NA;NA;NA;NA;9;-89.5762928646551;201.438300015025;8.59547556209898;0.00114456711782969
-0.665458979389663;NA;-0.543639881631877;-0.309670712944777;0.270842926421093;"+";NA;NA;NA;-0.0332146742658712;0.105916294040157;NA;NA;NA;NA;NA;NA;NA;9;-89.5811152553762;201.447944796467;8.60512034354124;0.00113906085532644
-0.311753925852937;"+";-3.3201724252475;-0.388156510112296;0.25730215990458;"+";"+";NA;"+";NA;1.19206660208975;NA;NA;NA;NA;NA;NA;NA;11;-86.4296687869007;201.459337573801;8.61651312087579;0.00113259076754176
-0.657013340912763;NA;-0.541973748544973;-0.305557768527419;0.26710341780403;"+";NA;NA;NA;NA;0.100534709395138;"+";NA;NA;NA;NA;NA;NA;9;-89.6033739270986;201.492462139911;8.64963768698593;0.00111398696465312
0.157354335794223;"+";-0.698884256442611;NA;-0.201531295242462;NA;"+";NA;NA;NA;NA;NA;NA;NA;NA;NA;NA;NA;7;-92.4781470041501;201.501748553755;8.65892410082932;0.00110882648253271
-0.178775306039585;"+";-3.09655088167942;-0.263412911016811;0.214269171218079;NA;"+";"+";NA;NA;1.20992567213423;NA;NA;NA;NA;NA;NA;NA;10;-88.0931301085878;201.552113875712;8.70928942278658;0.00108125193855731
-0.65227500922307;NA;-0.63395841863132;-0.309049941997027;0.290345069509982;"+";NA;NA;NA;-0.0241061488206242;NA;NA;"+";NA;NA;NA;NA;NA;9;-89.6436044071995;201.572923100113;8.73009864718767;0.001070060254973
-0.647755062585777;NA;-0.587772766275139;-0.306796508496162;0.290466566079611;"+";NA;NA;NA;NA;NA;"+";"+";NA;NA;NA;NA;NA;9;-89.6457829712992;201.577280228313;8.73445577538723;0.00106773159760261
-0.0898816716125825;"+";-0.37310971979072;NA;NA;"+";NA;NA;"+";NA;NA;NA;NA;NA;NA;NA;NA;NA;7;-92.5281909862453;201.601836517945;8.75901206501965;0.00105470198782741
0.0499590934096937;"+";-0.274624220724088;NA;-0.167178835769202;NA;NA;NA;NA;NA;0.0807060321471217;NA;NA;NA;NA;NA;NA;NA;7;-92.528789217843;201.603032981141;8.760208528215;0.00105407122046345
-0.659245856603747;NA;-0.645370927310755;-0.310795492521194;0.274721001514986;"+";NA;NA;NA;-0.0322564379020972;NA;"+";NA;NA;NA;NA;NA;NA;9;-89.6603318520663;201.606377989847;8.76355353692134;0.00105230975519845
-0.37255061149613;"+";-3.3271407765625;-0.39119493008723;0.260571671576217;"+";"+";NA;NA;NA;1.19183161359739;NA;"+";NA;NA;NA;NA;NA;11;-86.5079827132161;201.615965426432;8.77314097350668;0.00104727735027809
-0.00671739929425784;"+";-0.335568642264664;NA;-0.123795987688605;NA;NA;"+";NA;NA;NA;NA;NA;NA;NA;NA;NA;NA;7;-92.5454255579477;201.63630566135;8.79348120842445;0.00103668039409619
-0.383744852722291;"+";-3.34138862894161;-0.391636304575767;0.252920128143486;"+";"+";"+";NA;NA;1.19241916837686;NA;NA;NA;NA;NA;NA;NA;11;-86.5182349103399;201.63646982068;8.79364536775429;0.00103659530720881
0.10831761033418;"+";-0.350540161901755;NA;-0.187610855083652;"+";NA;NA;NA;NA;NA;NA;NA;NA;NA;NA;NA;NA;7;-92.5684108806041;201.682276306663;8.83945185373722;0.00101312372666944
-0.205342180526297;"+";-0.702436968306137;NA;NA;"+";"+";NA;NA;NA;NA;NA;NA;NA;NA;NA;NA;NA;7;-92.65434470464;201.854143954735;9.011319501809;0.000929698008730546
-0.325484727456623;NA;-0.266954656604065;NA;0.00731170673600584;"+";NA;NA;NA;NA;0.122168898431988;NA;NA;NA;NA;NA;NA;NA;7;-92.6807535747758;201.906961695006;9.06413724208062;0.000905467098494068
0.264502334183764;"+";NA;NA;-0.213834070971811;"+";NA;NA;"+";NA;NA;NA;NA;NA;NA;NA;NA;NA;7;-92.7002711601739;201.945996865802;9.10317241287675;0.000887965913080486
-0.222939961460117;"+";-0.433831009238459;NA;NA;"+";NA;NA;NA;NA;NA;"+";NA;NA;NA;NA;NA;NA;7;-92.7190409855568;201.983536516568;9.14071206364258;0.000871454391887409
-0.310484536371803;NA;-0.361695605252499;NA;0.0328353312239664;"+";NA;NA;NA;NA;NA;NA;"+";NA;NA;NA;NA;NA;7;-92.7419672186086;202.029388982672;9.18656452974625;0.000851702508688592
-0.455483132672496;"+";-7.01719015985798;-0.278282777656782;0.358339292587001;NA;"+";"+";NA;NA;3.63532496952945;NA;NA;"+";NA;NA;NA;NA;11;-86.7272218939571;202.054443787914;9.21161933498874;0.000841099441560579
-0.673213618331785;"+";-7.30738194337545;-0.407678560544154;0.403679409202492;"+";"+";"+";NA;NA;3.64661714481599;NA;NA;"+";NA;NA;NA;NA;12;-85.0343364605423;202.068672921085;9.22584846815911;0.000835136620175408
-0.317809103028024;NA;-0.402767097703486;NA;0.00735142946363558;"+";NA;NA;NA;NA;NA;"+";NA;NA;NA;NA;NA;NA;7;-92.774971940267;202.095398425988;9.25257397306297;0.000824051127557846
0.166345877566506;"+";NA;NA;-0.194270939410011;"+";NA;NA;NA;NA;NA;NA;"+";NA;NA;NA;NA;NA;7;-92.8260179248315;202.197490395117;9.35466594219196;0.000783042201263895
-0.00112742990163414;"+";NA;NA;-0.139892954968688;"+";NA;"+";NA;NA;NA;NA;NA;NA;NA;NA;NA;NA;7;-92.8413761754197;202.228206896294;9.38538244336843;0.000771107922322114
-0.118973367943994;"+";NA;-0.275749152863167;0.0751027142151149;"+";NA;"+";"+";NA;NA;NA;NA;NA;NA;NA;NA;NA;9;-90.0339196973927;202.3535536805;9.5107292275741;0.000724263262650182
-0.227356435849235;"+";NA;-0.28074172511574;0.124890763005671;"+";NA;"+";NA;NA;NA;NA;"+";NA;NA;NA;NA;NA;9;-90.0649302728879;202.41557483149;9.57275037856448;0.000702148116012411
-0.104631457584344;"+";-1.95446192987372;NA;-0.0738153283693788;NA;"+";NA;NA;NA;0.800850021156718;NA;NA;NA;NA;NA;NA;NA;8;-91.5462985893392;202.441434387981;9.59860993505518;0.000693127936701247
0.207375697593483;"+";NA;-0.269033090272555;-0.117330429880586;"+";NA;NA;"+";NA;NA;NA;"+";NA;NA;NA;NA;NA;9;-90.1434633756444;202.572641037003;9.72981658407753;0.000649115891749561
-0.0320755049640957;"+";-1.19664717185671;-0.213497215976419;0.12687287586567;NA;"+";"+";NA;NA;NA;NA;NA;NA;NA;NA;NA;NA;9;-90.1538213229934;202.593356931701;9.7505324787756;0.000642427084477943
-0.248687983742381;"+";-1.45150952363233;-0.343528111399301;0.16742012422256;"+";"+";"+";NA;NA;NA;NA;NA;NA;NA;NA;NA;NA;10;-88.6641156592605;202.694084977058;9.85126052413199;0.000610873133698381
0.11916011436507;"+";-1.39229115165022;-0.330925580259287;NA;"+";"+";NA;"+";0.0299254430351558;NA;NA;NA;NA;NA;NA;NA;NA;10;-88.6983288457168;202.76251134997;9.91968689704461;0.000590326700908365
0.06587477794664;"+";-1.35525102887549;-0.335658320516389;0.0236741469064359;"+";"+";NA;"+";NA;NA;NA;NA;NA;NA;NA;NA;NA;10;-88.7137292990501;202.793312256637;9.95048780371124;0.000581305049170608
0.104648079496001;"+";-1.34288989168675;-0.333708679048792;NA;"+";"+";NA;"+";NA;NA;"+";NA;NA;NA;NA;NA;NA;10;-88.716289946281;202.798433551099;9.95560909817314;0.00057981843616415
0.341817478809346;"+";-3.25036052006292;-0.418551497811833;NA;"+";"+";NA;"+";0.198817018350493;NA;"+";NA;NA;"+";NA;NA;NA;12;-85.4000592574331;202.800118514866;9.95729406194059;0.000579330155348585
0.236171691076117;"+";-1.17050368052646;-0.206776607615533;-0.0326031513067128;NA;"+";NA;NA;0.0313236253322969;NA;NA;NA;NA;NA;NA;NA;NA;9;-90.2604274949175;202.806569275549;9.96374482262368;0.00057746460542557
0.0321305191461246;"+";-1.32942270289592;-0.334619693179964;NA;"+";"+";NA;NA;0.0678711319449807;NA;"+";NA;NA;NA;NA;NA;NA;10;-88.771660937337;202.909175533211;10.0663510802852;0.000548585980090108
0.00308185525161581;"+";-1.3570086224466;-0.338670643469465;0.0322680939233049;"+";"+";NA;NA;NA;NA;NA;"+";NA;NA;NA;NA;NA;10;-88.7820693161185;202.929992290774;10.0871678378481;0.000542905701939089
0.0124607080459217;"+";-1.39412710649771;-0.337478776580914;0.00855389689569117;"+";"+";NA;NA;0.0148802820322316;NA;NA;NA;NA;NA;NA;NA;NA;10;-88.7970955654103;202.960044789357;10.1172203364317;0.000534808850520965
-0.00492560811159285;"+";-1.35621661838059;-0.339583658748058;0.0165356139570306;"+";"+";NA;NA;NA;NA;"+";NA;NA;NA;NA;NA;NA;10;-88.8003548278056;202.966563314148;10.1237388612223;0.000533068605643659
-0.0391397640328532;"+";-0.477556256474729;-0.202540676055886;0.0764221833620846;NA;NA;"+";NA;NA;0.0774797904763597;NA;NA;NA;NA;NA;NA;NA;9;-90.4332811239753;203.152276533665;10.3094520807393;0.000485798302416359
0.0661340798029695;"+";-0.473843031653024;-0.201327962827883;0.0123397258949678;NA;NA;NA;NA;0.00318124022425764;0.0976826149872952;NA;NA;NA;NA;NA;NA;NA;9;-90.4566376294647;203.198989544644;10.3561650917182;0.000474583233941729
-0.0250630336002995;"+";-0.545879414467155;-0.202026925032006;0.0812994383065267;NA;NA;"+";NA;0.00448857803690933;NA;NA;NA;NA;NA;NA;NA;NA;9;-90.4672970618019;203.220308409318;10.3774839563925;0.000469551312429902
0.134336137308492;"+";-3.28002102617483;-0.434529779234942;0.0795919741194614;"+";"+";NA;"+";NA;NA;"+";NA;NA;"+";NA;NA;NA;12;-85.6281179718283;203.256235943657;10.4134114907311;0.000461191711739836
0.208302510294283;"+";-0.661838198135607;-0.304899970814161;-0.0887500938798921;"+";NA;NA;"+";NA;NA;NA;"+";NA;NA;NA;NA;NA;10;-88.9971801485413;203.360213955619;10.5173895026937;0.000437827418559679
-0.154490468799959;"+";-5.07198658753538;-0.454081915941082;0.246874108281027;"+";"+";NA;"+";NA;1.17032493552216;"+";NA;NA;"+";NA;NA;NA;13;-83.911152178522;203.401251725465;10.5584272725396;0.000428935229032655
-0.281816386169464;"+";-4.26381245740948;-0.390233486075599;0.255751495054819;"+";"+";NA;"+";NA;1.52229254462035;"+";NA;NA;NA;NA;NA;NA;12;-85.7865391883035;203.573078376607;10.7302539236815;0.000393622607263708
-0.179684791289795;"+";-0.57935896866624;-0.315200050272508;0.126598120646147;"+";NA;"+";"+";NA;NA;NA;NA;NA;NA;NA;NA;NA;10;-89.1093478180933;203.584549294723;10.7417248417977;0.000391371462760021
-0.0541936374707108;"+";-0.557667972537613;-0.313574704917621;0.043785422508163;"+";NA;NA;"+";NA;0.045406151639403;NA;NA;NA;NA;NA;NA;NA;10;-89.1450065296495;203.655866717836;10.8130422649101;0.000377661552229089
-0.0280394953293768;"+";-0.598005226007168;-0.315208775383148;0.0343856405239049;"+";NA;NA;"+";-0.00345851470312451;NA;NA;NA;NA;NA;NA;NA;NA;10;-89.1584603741528;203.682774406842;10.8399499539167;0.000372614579153462
-0.0221560094795683;"+";-0.606838262762152;-0.314549748730084;0.0321553892791835;"+";NA;NA;"+";NA;NA;"+";NA;NA;NA;NA;NA;NA;10;-89.1585068539424;203.682867366421;10.8400429134958;0.000372597260508727
0.0283007451995299;"+";-0.630281649739371;-0.313413089887838;NA;"+";NA;NA;"+";-0.016318069410152;NA;"+";NA;NA;NA;NA;NA;NA;10;-89.1613918304554;203.688637319447;10.8458128665219;0.000371523875253445
-0.345308760995883;"+";-4.27935095893536;-0.393269986874023;0.27330402832551;"+";"+";NA;NA;NA;1.52741099121764;"+";"+";NA;NA;NA;NA;NA;12;-85.8491895279568;203.698379055914;10.855554602988;0.000369718631532967
-0.252655418520287;"+";-0.57591465689603;-0.318477952760313;0.142849105803623;"+";NA;"+";NA;NA;NA;NA;"+";NA;NA;NA;NA;NA;10;-89.1781799179405;203.722213494418;10.8793890414921;0.000365338763300086
-0.245414061322571;"+";-0.589984301915531;-0.32124060257666;0.110709704033477;"+";NA;"+";NA;-0.0173704115323595;NA;NA;NA;NA;NA;NA;NA;NA;10;-89.2071836516323;203.780220961801;10.9373965088757;0.000354894764707437
-0.368727001883137;"+";-4.30862953060263;-0.396361735218742;0.249968762011541;"+";"+";NA;NA;-0.0383667515157297;1.5327803458003;"+";NA;NA;NA;NA;NA;NA;12;-85.8927658022785;203.785531604557;10.9427071516316;0.000353953655079006
-0.232892972050164;"+";-0.578166189172913;-0.318298739731088;0.101371141332829;"+";NA;"+";NA;NA;0.0218924047626337;NA;NA;NA;NA;NA;NA;NA;10;-89.2107042945143;203.787262247565;10.9444377946398;0.000353647503848538
-0.228593652745929;"+";-0.611676152962093;-0.318573020566249;0.102892360257901;"+";NA;"+";NA;NA;NA;"+";NA;NA;NA;NA;NA;NA;10;-89.2127595835415;203.79137282562;10.948548372694;0.000352921402444133
-0.120158239338893;"+";-0.558352058085123;-0.316785247554858;0.0539512704202799;"+";NA;NA;NA;NA;0.0444061219144576;NA;"+";NA;NA;NA;NA;NA;10;-89.2148828579113;203.795619374359;10.9527949214338;0.000352172848449722
-0.367432430174487;"+";-4.2648776156698;-0.393798592212044;0.252305351177468;"+";"+";"+";NA;NA;1.51501704086916;"+";NA;NA;NA;NA;NA;NA;12;-85.902877341326;203.805754682652;10.9629302297266;0.000350392672721222
-0.0964620295254165;"+";-0.597005928091331;-0.318873967810487;0.0448116724142089;"+";NA;NA;NA;-0.00733441223846997;NA;NA;"+";NA;NA;NA;NA;NA;10;-89.2269158339897;203.819685326516;10.9768608735905;0.000347960555027467
-0.0867665070952534;"+";-0.61112355784984;-0.31760258885215;0.0420631027728389;"+";NA;NA;NA;NA;NA;"+";"+";NA;NA;NA;NA;NA;10;-89.2274495787403;203.820752816017;10.9779283630916;0.000347774882463092
-0.158003834124866;"+";-4.3170788572914;-0.455451049083195;0.214682312231614;"+";"+";NA;NA;NA;0.78964579784834;"+";"+";NA;NA;NA;"+";NA;13;-84.1252192471686;203.829385862758;10.9865614098328;0.000346276939334354
-0.134595367939988;"+";-0.566124090369057;-0.319505614398681;0.039247986140432;"+";NA;NA;NA;-0.0170995993067334;0.0450394038907321;NA;NA;NA;NA;NA;NA;NA;10;-89.2324468513364;203.830747361209;10.9879229082839;0.000346041291793612
-0.0949183508666459;"+";-0.685840947757346;-0.322352273401836;0.0245019143593108;"+";NA;NA;NA;-0.0438105785561466;NA;"+";NA;NA;NA;NA;NA;NA;10;-89.2362338629052;203.838321384347;10.9954969314215;0.000344733307657038
-0.117286526193616;"+";-0.589189139742117;-0.316780611308605;0.0310606178511398;"+";NA;NA;NA;NA;0.0471843926556915;"+";NA;NA;NA;NA;NA;NA;10;-89.2375347275423;203.840923113621;10.9980986606957;0.000344285147848694
-0.0938250631697745;"+";-3.58367803236146;-0.259180922871735;0.179501468927588;NA;"+";"+";NA;0.145405013097331;1.38293620971146;NA;NA;NA;NA;NA;NA;NA;11;-87.6867798882298;203.97355977646;11.130735323534;0.000322193372418439
-0.221195329574179;"+";-3.78991131571882;-0.378326266077969;0.243696319829596;"+";"+";NA;"+";0.147026253323868;1.35807822546547;NA;NA;NA;NA;NA;NA;NA;12;-86.0040036132266;204.008007226453;11.1651827735276;0.00031669151958895
0.193443870517099;"+";-0.332676519310283;NA;-0.166321421086703;"+";NA;NA;"+";NA;NA;NA;NA;NA;NA;NA;NA;NA;8;-92.4076060866578;204.164049382618;11.3212249296923;0.00029292221550415
-0.00312384616790334;"+";-0.736578828886623;NA;-0.108073590701753;NA;"+";"+";NA;NA;NA;NA;NA;NA;NA;NA;NA;NA;8;-92.428207161003;204.205251531308;11.3624270783829;0.000286949437227708
-0.304054341771043;"+";-3.77769784055011;-0.382153536725134;0.266308127791328;"+";"+";NA;NA;0.146852115245297;1.3534946543132;NA;"+";NA;NA;NA;NA;NA;12;-86.1046947329986;204.209389465997;11.3665650130716;0.000286356361950849
-0.0692689903204691;"+";-0.677817593912319;NA;NA;"+";"+";NA;"+";NA;NA;NA;NA;NA;NA;NA;NA;NA;8;-92.4593443134524;204.267525836207;11.4247013832815;0.000278152318212196
0.15629719374129;"+";-0.698878484971822;NA;-0.201869152506578;"+";"+";NA;NA;NA;NA;NA;NA;NA;NA;NA;NA;NA;8;-92.4781049911073;204.305047191517;11.4622227385914;0.000272982637217766
-0.0602739790686776;"+";-3.43672590759327;-0.377652416987453;0.117920097117862;"+";"+";NA;"+";NA;1.22040886959993;NA;"+";NA;NA;NA;NA;NA;12;-86.1565349615102;204.31306992302;11.4702454700948;0.000271889797371589
-0.303409967638654;"+";-3.76207969907934;-0.384235289655606;0.220935778867894;"+";"+";"+";NA;0.127954943475958;1.34587843647143;NA;NA;NA;NA;NA;NA;NA;12;-86.1856593703797;204.371318740759;11.528494287834;0.000264085369081231
-0.0169275962161668;"+";-0.276574840204851;NA;-0.127665042653163;NA;NA;"+";NA;NA;0.0683660175210438;NA;NA;NA;NA;NA;NA;NA;8;-92.5196234077196;204.388084024742;11.5452595718161;0.000261880888571401
0.520240367530604;"+";NA;NA;-0.354826723711898;"+";NA;NA;"+";NA;NA;NA;"+";NA;NA;NA;NA;NA;8;-92.5211725692812;204.391182347865;11.5483578949392;0.000261475506847082
-0.0858972649192761;"+";-0.4191519764948;NA;NA;"+";NA;NA;"+";NA;NA;"+";NA;NA;NA;NA;NA;NA;8;-92.5228401221068;204.394517453516;11.5516930005904;0.000261039845971536
0.0546051721257846;"+";-0.27485736510478;NA;-0.165044177912654;"+";NA;NA;NA;NA;0.0824760874236779;NA;NA;NA;NA;NA;NA;NA;8;-92.5276451988097;204.404127606922;11.5613031539962;0.000259788538211601
-0.662016335872624;NA;-0.931411941442756;-0.371834006710377;0.34025436010043;"+";NA;NA;NA;NA;-0.496636598496902;"+";"+";NA;NA;NA;"+";NA;11;-87.9132344592777;204.426468918555;11.5836444656299;0.000256902678348636
0.106430075670984;"+";-0.332585414866177;NA;-0.161350499932555;"+";NA;NA;NA;NA;NA;NA;"+";NA;NA;NA;NA;NA;8;-92.5421552300026;204.433147669308;11.590323216382;0.000256046214693239
-0.00457166265493011;"+";-0.336377250804016;NA;-0.122739862674658;"+";NA;"+";NA;NA;NA;NA;NA;NA;NA;NA;NA;NA;8;-92.5451894979037;204.43921620511;11.5963917521842;0.000255270479372354
0.137027801706088;"+";-0.434012303365482;NA;-0.200651172462725;"+";NA;NA;NA;NA;NA;"+";NA;NA;NA;NA;NA;NA;8;-92.5500360445808;204.448909298464;11.6060848455384;0.000254036292267315
-0.67376987267326;NA;-0.666342492450991;-0.313075342323993;0.272958811314548;"+";NA;NA;NA;-0.0899807908478929;0.144557414311194;"+";NA;NA;NA;NA;NA;NA;10;-89.5520243954617;204.46990244946;11.6270779965345;0.000251383726926981
-0.658431795818726;NA;-0.532373321439269;-0.307949486302446;0.286709562083788;"+";NA;NA;NA;-0.0252473492982974;0.106402852694948;NA;"+";NA;NA;NA;NA;NA;10;-89.5636531830766;204.49316002469;11.6503355717642;0.000248477370409877
-0.650641938460825;NA;-0.534808230045113;-0.304490595254762;0.287298827754389;"+";NA;NA;NA;NA;0.104105523492535;"+";"+";NA;NA;NA;NA;NA;10;-89.5761327658474;204.518119190231;11.6752947373058;0.00024539574519191
0.0677505098296152;"+";NA;NA;-0.0972654881815859;"+";NA;"+";"+";NA;NA;NA;NA;NA;NA;NA;NA;NA;8;-92.631109622891;204.611056455084;11.7682320021588;0.000234253429521283
-0.318020195142588;NA;-0.246056234672918;NA;0.0325978161947016;"+";NA;NA;NA;NA;0.12203771181026;NA;"+";NA;NA;NA;NA;NA;8;-92.6467801763505;204.642397562003;11.7995731090779;0.000230611161344519
-0.651539217711948;NA;-0.618719970594832;-0.308652347383799;0.290335051641948;"+";NA;NA;NA;-0.0186506113830821;NA;"+";"+";NA;NA;NA;NA;NA;10;-89.6432643862382;204.652382431013;11.8095579780875;0.000229462719371452
-0.203856702374334;"+";-0.727111660492509;NA;NA;"+";"+";NA;NA;NA;NA;"+";NA;NA;NA;NA;NA;NA;8;-92.6525282243238;204.65389365795;11.8110692050245;0.000229289399739747
-0.325481654197045;NA;-0.335590636440121;NA;0.00727528740824629;"+";NA;NA;NA;NA;0.138193800618729;"+";NA;NA;NA;NA;NA;NA;8;-92.6639239234189;204.67668505614;11.8338606032145;0.000226691318327565
-0.30989133308574;NA;-0.394716696288631;NA;0.0337286088252816;"+";NA;NA;NA;NA;NA;"+";"+";NA;NA;NA;NA;NA;8;-92.7390475357375;204.826932280777;11.9841078278519;0.000210285398513289
-0.335271869898564;"+";-3.31610087236569;-0.388231639218865;0.272005113504889;"+";"+";"+";"+";NA;1.18493667717528;NA;NA;NA;NA;NA;NA;NA;12;-86.4282225293364;204.856445058673;12.0136206057472;0.000207205128111008
-0.0410539368960805;"+";NA;NA;-0.069072251523507;"+";NA;"+";NA;NA;NA;NA;"+";NA;NA;NA;NA;NA;8;-92.7540802632054;204.856997735713;12.0141732827877;0.000207147877263188
-0.37376893902908;"+";-7.2088399909045;-0.273821128060521;0.322118051496398;NA;"+";"+";NA;0.117766110454637;3.65349012870432;NA;NA;"+";NA;NA;NA;NA;12;-86.4519492480321;204.903898496064;12.0610740431386;0.000202346695577014
-0.391960891056817;"+";-3.32317877681231;-0.391259419912886;0.273042668472196;"+";"+";"+";NA;NA;1.18595311565497;NA;"+";NA;NA;NA;NA;NA;12;-86.5070570595908;205.014114119182;12.1712896662561;0.000191497495344678
-0.745352098434392;"+";-7.74805366863499;-0.408748016989504;0.520400035357253;"+";"+";"+";NA;NA;3.93932463934124;NA;"+";"+";NA;NA;NA;NA;13;-84.7731203470892;205.125188062599;12.2823636096739;0.000181152235467311
-0.635133993314955;"+";-7.46930226485931;-0.406619074046824;0.386824655139779;"+";"+";"+";NA;NA;3.58970451537402;"+";NA;"+";NA;NA;NA;NA;13;-84.7792043285894;205.1373560256;12.2945315726743;0.000180053454488843
-0.608036346130091;"+";-7.48474691216888;-0.403734935919342;0.439962665271528;"+";"+";"+";"+";NA;3.76913071059123;NA;NA;"+";NA;NA;NA;NA;13;-84.7957683289306;205.170484026282;12.3276595733566;0.00017709561347435
-0.597757548764448;"+";-7.4560942952904;-0.400982631749307;0.37058169814004;"+";"+";"+";NA;0.0991186670402756;3.65950658754243;NA;NA;"+";NA;NA;NA;NA;13;-84.8277531475156;205.234453663452;12.3916292105267;0.00017152087121702
-0.0885022233878494;"+";-1.98798050400686;NA;-0.0609285384399263;"+";"+";NA;NA;NA;0.824034108742124;NA;NA;NA;NA;NA;NA;NA;9;-91.5200574822691;205.325829250252;12.4830047973269;0.000163860779835521
-0.0979685590099348;"+";-1.95586367700722;NA;-0.0777480955130286;NA;"+";"+";NA;NA;0.802830867980916;NA;NA;NA;NA;NA;NA;NA;9;-91.5462006480861;205.378115581886;12.5352911289609;0.00015963245205796
-0.082452616795209;"+";NA;-0.274074899693479;0.0548074711829504;"+";NA;"+";"+";NA;NA;NA;"+";NA;NA;NA;NA;NA;10;-90.0317431972758;205.429340053088;12.5865156001627;0.000155595822304619
-0.00888755773989523;"+";-1.24319351781255;-0.210906841650367;0.116315943804635;NA;"+";"+";NA;0.0321376198016468;NA;NA;NA;NA;NA;NA;NA;NA;10;-90.1338397072131;205.633533072963;12.7907086200373;0.000140494065929483
0.288479177651869;"+";-1.42200941946517;-0.326073597640939;-0.0974665977822935;"+";"+";NA;"+";NA;NA;NA;"+";NA;NA;NA;NA;NA;11;-88.5447735449434;205.689547089887;12.8467226369612;0.000136613837858197
-0.196862524008578;"+";-1.43834998143375;-0.340229344723785;0.191219257375087;"+";"+";"+";"+";NA;NA;NA;NA;NA;NA;NA;NA;NA;11;-88.5543155621817;205.708631124363;12.8658066714378;0.000135316465879063
-0.268538006026899;"+";-1.43420244714147;-0.343412487769093;0.208780987171272;"+";"+";"+";NA;NA;NA;NA;"+";NA;NA;NA;NA;NA;11;-88.6229547753367;205.845909550673;13.0030850977479;0.000126340041462096
0.140640440527055;"+";-1.29941389810761;-0.326954480980523;NA;"+";"+";NA;"+";0.108575989777748;NA;"+";NA;NA;NA;NA;NA;NA;11;-88.6451532936464;205.890306587293;13.0474821343673;0.000123566379232512
-0.236955224927641;"+";-1.47248284024358;-0.341831776873026;0.162209306466179;"+";"+";"+";NA;0.0153914738568007;NA;NA;NA;NA;NA;NA;NA;NA;11;-88.6592643279667;205.918528655933;13.0757042030078;0.000121834974500001
-0.247880540063347;"+";-1.45712117937519;-0.343376669997675;0.167098742194179;"+";"+";"+";NA;NA;NA;"+";NA;NA;NA;NA;NA;NA;11;-88.6639920987856;205.927984197571;13.0851597446457;0.000121260326136085
0.0945142824990083;"+";-1.39449331954779;-0.332286240963802;0.014563927151601;"+";"+";NA;"+";0.0288183933392389;NA;NA;NA;NA;NA;NA;NA;NA;11;-88.6973222454736;205.994644490947;13.1518200380217;0.000117285313534621
0.0621843057944134;"+";-1.34474362485871;-0.335969334503292;0.0253963793573302;"+";"+";NA;"+";NA;NA;"+";NA;NA;NA;NA;NA;NA;11;-88.7132461666241;206.026492333248;13.1836678803228;0.000115432462925591
0.0244535171975582;"+";-1.38982570126292;-0.335800519209195;0.0277613425608489;"+";"+";NA;NA;0.0259091220169009;NA;NA;"+";NA;NA;NA;NA;NA;11;-88.7694493140603;206.138898628121;13.2960741751951;0.000109123740788336
0.00919420152963381;"+";-1.33065825646346;-0.335863570337552;0.013350152118268;"+";"+";NA;NA;0.0674093854797282;NA;"+";NA;NA;NA;NA;NA;NA;11;-88.7708204611549;206.14164092231;13.2988164693842;0.000108974218620076
0.00063625406901792;"+";-1.34997749519623;-0.338885606649161;0.0331830795832265;"+";"+";NA;NA;NA;NA;"+";"+";NA;NA;NA;NA;NA;11;-88.7818443411542;206.163688682308;13.3208642293828;0.00010777949724265
0.105884108007959;"+";-1.03026000848366;-0.398067181061836;0.00101999191907715;"+";NA;NA;NA;NA;-0.660515411003864;"+";"+";NA;NA;NA;"+";NA;12;-87.0874270098072;206.174854019614;13.3320295666889;0.000107179476438981
0.372248584860976;"+";-3.27047690832015;-0.424622171581592;-0.0627764116198598;"+";"+";NA;"+";NA;NA;"+";"+";NA;"+";NA;NA;NA;13;-85.3137017150313;206.206350798484;13.3635263455581;0.000105504793694255
-0.0371317198605418;"+";-0.478777305045336;-0.202293866515506;0.0754085059035082;NA;NA;"+";NA;0.00259505031933211;0.0772485726163853;NA;NA;NA;NA;NA;NA;NA;10;-90.4331454086698;206.232144475876;13.3893200229507;0.000104152852013997
0.561573058111691;"+";-0.458854609387483;NA;-0.36589744058828;"+";NA;NA;"+";NA;NA;NA;"+";NA;NA;NA;NA;NA;9;-92.0111505070667;206.308015299848;13.4651908469222;0.000100275774868626
0.219487788722983;"+";-3.27434606425865;-0.42640755966077;0.0748188640204301;"+";"+";NA;"+";0.197361411037053;NA;"+";NA;NA;"+";NA;NA;NA;13;-85.370334094338;206.319615557097;13.4767911041716;9.96958459334593e-05
0.204770275739226;"+";-0.658569913659509;-0.308612160238209;-0.092366097535075;"+";NA;NA;"+";-0.0330639708586212;NA;NA;"+";NA;NA;NA;NA;NA;11;-88.9768915413437;206.553783082687;13.7109586297618;8.86805199229756e-05
0.100582202700861;"+";-0.645023207306473;-0.305924266082433;-0.0246686820512491;"+";NA;"+";"+";NA;NA;NA;"+";NA;NA;NA;NA;NA;11;-88.9809768351852;206.56195367037;13.7191292174448;8.83189729567122e-05
0.18031738061402;"+";-0.61865846674815;-0.303643659726262;-0.0785561630623848;"+";NA;NA;"+";NA;0.0467583044053673;NA;"+";NA;NA;NA;NA;NA;11;-88.9825393233078;206.565078646616;13.72225419369;8.81810833639457e-05
0.207936551380441;"+";-0.603146543681751;-0.305464084613641;-0.0902847675021474;"+";NA;NA;"+";NA;NA;"+";"+";NA;NA;NA;NA;NA;11;-88.9844757293494;206.568951458699;13.7261270057733;8.80104941996091e-05
-0.0802643161649978;"+";-3.34063956924015;-0.435680162090359;0.210528845541575;"+";"+";"+";"+";NA;NA;"+";NA;NA;"+";NA;NA;NA;13;-85.5160319619168;206.611011292255;13.7681868393291;8.61789667658115e-05
-0.322582216233873;"+";-5.29521429524147;NA;0.0293664110128479;NA;"+";"+";NA;NA;2.87140430325965;NA;NA;"+";NA;NA;NA;NA;10;-90.6936459041358;206.753145466808;13.9103210138826;8.02670383676352e-05
-0.181411587526494;"+";-0.562703483666269;-0.314653226054946;0.12439526126426;"+";NA;"+";"+";NA;0.0198828336579843;NA;NA;NA;NA;NA;NA;NA;11;-89.1069984459335;206.813996891867;13.9711724389415;7.78616351449152e-05
-0.175239222764727;"+";-0.60404944351567;-0.314672800993141;0.125483884134192;"+";NA;"+";"+";NA;NA;"+";NA;NA;NA;NA;NA;NA;11;-89.1072391807395;206.814478361479;13.9716539085534;7.78428933952745e-05
-0.183756464301306;"+";-0.57797075735455;-0.315810339780251;0.128036198418688;"+";NA;"+";"+";-0.00421842950031648;NA;NA;NA;NA;NA;NA;NA;NA;11;-89.1089837830044;206.817967566009;13.9751431130834;7.77072069010412e-05
0.0242485888638408;"+";-4.99581342783729;-0.44645027743753;0.141509124065874;"+";"+";NA;"+";NA;1.12501780937896;"+";"+";NA;"+";NA;NA;NA;14;-83.7513950602764;206.854141471904;14.0113170189786;7.63143545050296e-05
-0.048020451688765;"+";-0.579782032456609;-0.312899120034024;0.0409240337720633;"+";NA;NA;"+";NA;0.0504783453536976;"+";NA;NA;NA;NA;NA;NA;11;-89.1427863425127;206.885572685025;14.0427482320999;7.51244030304109e-05
-0.0587423500319676;"+";-0.555799375624031;-0.314233438245723;0.0453189168501962;"+";NA;NA;"+";-0.00464715660688228;0.0457837761833532;NA;NA;NA;NA;NA;NA;NA;11;-89.1445648841861;206.889129768372;14.0463053154467;7.49909098956734e-05
-0.025896759183275;"+";-0.634271526661969;-0.316252731086633;0.032368520776754;"+";NA;NA;"+";-0.0165750494056212;NA;"+";NA;NA;NA;NA;NA;NA;11;-89.1564902608716;206.912980521743;14.0701560688176;7.41019263147292e-05
0.24057887061887;"+";-0.676918951661838;NA;-0.180423566424199;"+";"+";NA;"+";NA;NA;NA;NA;NA;NA;NA;NA;NA;9;-92.318759223089;206.923232731892;14.0804082789668;7.37230439791993e-05
-0.248309310068187;"+";-0.607617222610893;-0.317794140345463;0.143175066966812;"+";NA;"+";NA;NA;NA;"+";"+";NA;NA;NA;NA;NA;11;-89.1745887971346;206.949177594269;14.1063531413436;7.27728533306976e-05
-0.254070868816549;"+";-0.560542300665972;-0.317969704834943;0.140485782793039;"+";NA;"+";NA;NA;0.0186477424519808;NA;"+";NA;NA;NA;NA;NA;11;-89.1761154323946;206.952230864789;14.1094064118637;7.26618404864494e-05
-0.257124564946911;"+";-0.574367590242404;-0.319378604762031;0.143752825471848;"+";NA;"+";NA;-0.00654711908109181;NA;NA;"+";NA;NA;NA;NA;NA;11;-89.1773415870276;206.954683174055;14.1118587211297;7.25728004336877e-05
-0.260532895037239;"+";-0.716000811287976;-0.324533088817702;0.122138359334264;"+";NA;"+";NA;-0.0641533812476516;NA;"+";NA;NA;NA;NA;NA;NA;11;-89.1825770478223;206.965154095645;14.1223296427191;7.21938412608073e-05
0.128453517609586;"+";-4.20266565063198;-0.445042660488583;0.0770429619130571;"+";"+";NA;"+";NA;0.706331819328279;"+";"+";NA;NA;NA;"+";NA;14;-83.8123391866087;206.976029724569;14.1332052716433;7.18023299942823e-05
-0.141843716645698;"+";-0.694669838450644;-0.322750740172214;0.040333916397633;"+";NA;NA;NA;-0.0770715223738663;0.0855504773922134;"+";NA;NA;NA;NA;NA;NA;11;-89.1999044588631;206.999808917726;14.1569844648007;7.09536842820185e-05
-0.150135949732549;"+";-4.20997309805024;-0.383919690634312;0.179878575854243;"+";"+";NA;"+";NA;1.49799591650679;"+";"+";NA;NA;NA;NA;NA;13;-85.7108673039233;207.000681976268;14.157857523342;7.09227176813729e-05
-0.247701233610277;"+";-0.570516498772595;-0.320667504660643;0.108411061468819;"+";NA;"+";NA;-0.017788806722487;0.0230806917661158;NA;NA;NA;NA;NA;NA;NA;11;-89.2040238841252;207.00804776825;14.1652233153248;7.06619970868371e-05
0.138810553840967;"+";-0.254999266554095;NA;-0.143065975104512;"+";NA;NA;"+";NA;0.0846705982769333;NA;NA;NA;NA;NA;NA;NA;9;-92.3644062474301;207.014526780574;14.1717023276489;7.04334574894333e-05
-0.229388229361382;"+";-0.598058225113566;-0.317696719191241;0.0996786982263336;"+";NA;"+";NA;NA;0.0261798332231422;"+";NA;NA;NA;NA;NA;NA;11;-89.2089177666706;207.017835533341;14.1750110804156;7.0317030374456e-05
-0.113213100501781;"+";-0.584170528111241;-0.315979098140955;0.0515253067455594;"+";NA;NA;NA;NA;0.0505119183642048;"+";"+";NA;NA;NA;NA;NA;11;-89.2117599087319;207.023519817464;14.1806953645383;7.01174631183837e-05
-0.12696801528627;"+";-0.555615391542767;-0.317939437232899;0.0555721888963284;"+";NA;NA;NA;-0.00852991240998232;0.0450859123525695;NA;"+";NA;NA;NA;NA;NA;11;-89.2134591943637;207.026918388727;14.1840939358019;6.99984146980511e-05
0.0566486811051785;"+";-0.314993127600938;NA;-0.0851745540333775;"+";NA;"+";"+";NA;NA;NA;NA;NA;NA;NA;NA;NA;9;-92.3724728235442;207.030659932803;14.1878354798772;6.9867586034614e-05
-0.0893682999158504;"+";-0.662016033974563;-0.320589322035001;0.0401707137395962;"+";NA;NA;NA;-0.0308157872513999;NA;"+";"+";NA;NA;NA;NA;NA;11;-89.2205714959828;207.041142991966;14.1983185390401;6.95023310991419e-05
-0.100706725988432;"+";-4.99722900101729;-0.449164770277388;0.237760709282419;"+";"+";NA;"+";0.0973728868651336;1.12268295057843;"+";NA;NA;"+";NA;NA;NA;14;-83.8467462974669;207.044843946285;14.2020194933596;6.93738375467509e-05
0.224518356168709;"+";-0.421069949367633;NA;-0.180006032295104;"+";NA;NA;"+";NA;NA;"+";NA;NA;NA;NA;NA;NA;9;-92.3868548916673;207.059424069049;14.2165996161233;6.88699369774293e-05
-0.00285938645789984;"+";-0.736594201732084;NA;-0.107940483723318;"+";"+";"+";NA;NA;NA;NA;NA;NA;NA;NA;NA;NA;9;-92.4282033540333;207.142120993781;14.2992965408553;6.60803411641739e-05
-0.311500187741258;"+";-4.25874649205116;-0.3902261184314;0.274098918290414;"+";"+";"+";"+";NA;1.51358746225087;"+";NA;NA;NA;NA;NA;NA;13;-85.7842361574193;207.14741968326;14.3045952303342;6.59055032651303e-05
-0.282991401139338;"+";-4.26650016306628;-0.390418367102418;0.255961969382105;"+";"+";NA;"+";-0.00244526043547477;1.52320277709066;"+";NA;NA;NA;NA;NA;NA;13;-85.7865000173547;207.151947403131;14.309122950205;6.57564711942833e-05
-0.0605640452389861;"+";-4.12727741269047;-0.450778373202236;0.202520039625502;"+";"+";NA;NA;0.191795647907293;0.62231505361239;"+";"+";NA;NA;NA;"+";NA;14;-83.9006012775999;207.152553906551;14.3097294536256;6.57365334551594e-05
-0.182496511798615;"+";-5.0653731206499;-0.453995316914066;0.263705771025701;"+";"+";"+";"+";NA;1.16174827804407;"+";NA;NA;"+";NA;NA;NA;14;-83.9090694606413;207.169490272634;14.3266658197084;6.51822148057647e-05
0.15467331505029;"+";-0.67795013195837;NA;-0.176391832401894;"+";"+";NA;NA;NA;NA;NA;"+";NA;NA;NA;NA;NA;9;-92.4535050270748;207.192724339864;14.3498998869383;6.44293721909193e-05
-0.0663559501113371;"+";-0.71310182265665;NA;NA;"+";"+";NA;"+";NA;NA;"+";NA;NA;NA;NA;NA;NA;9;-92.4556021907735;207.196918667261;14.3540942143357;6.42943948347061e-05
0.1814017939161;"+";-0.771759767330991;NA;-0.213620388444584;"+";"+";NA;NA;NA;NA;"+";NA;NA;NA;NA;NA;NA;9;-92.4622483355856;207.210210956885;14.3673865039599;6.38685018170449e-05
0.357471072118608;"+";NA;NA;-0.259078149593334;"+";NA;"+";"+";NA;NA;NA;"+";NA;NA;NA;NA;NA;9;-92.485386061895;207.256486409504;14.4136619565787;6.24076949471825e-05
0.0838147294031864;"+";-0.378688125879962;NA;-0.178627781772481;"+";NA;NA;NA;NA;0.103689252593111;"+";NA;NA;NA;NA;NA;NA;9;-92.4898892004808;207.265492686676;14.4226682337504;6.21272962589204e-05
-0.38419490975881;"+";-4.27348841153277;-0.393288428905327;0.298144962095119;"+";"+";"+";NA;NA;1.51664141628242;"+";"+";NA;NA;NA;NA;NA;13;-85.8454625578544;207.26987248413;14.4270480312043;6.19913926338366e-05
-0.350375104776244;"+";-4.29449715710586;-0.394267974506006;0.273550517091782;"+";"+";NA;NA;-0.0143716627054414;1.53246525988292;"+";"+";NA;NA;NA;NA;NA;13;-85.8478457047852;207.274638777991;14.4318143250659;6.18438339336115e-05
0.0520815703667642;"+";-0.256441593534546;NA;-0.138361267683727;"+";NA;NA;NA;NA;0.0830259706719146;NA;"+";NA;NA;NA;NA;NA;9;-92.5008030415467;207.287320368808;14.4444959158821;6.14529354487405e-05
0.377223874378799;"+";NA;-0.290419620953643;-0.198933551067649;"+";NA;"+";"+";NA;NA;NA;"+";NA;NA;"+";NA;NA;11;-89.3494448306446;207.298889661289;14.4560652083637;6.10984781501575e-05
-0.0310778137085048;"+";-0.31237646653283;NA;-0.0778604872333773;"+";NA;"+";NA;NA;NA;NA;"+";NA;NA;NA;NA;NA;9;-92.5092672895733;207.304248864861;14.4614244119354;6.09349777148564e-05
0.139816542783507;"+";-0.427064525502602;NA;-0.173577562528687;"+";NA;NA;NA;NA;NA;"+";"+";NA;NA;NA;NA;NA;9;-92.5179373678404;207.321589021395;14.4787645684695;6.0408950333281e-05
-0.0123414626924174;"+";-0.276843783896808;NA;-0.125392210926198;"+";NA;"+";NA;NA;0.070124416550937;NA;NA;NA;NA;NA;NA;NA;9;-92.5184344548395;207.322583195393;14.4797587424678;6.03789292915912e-05
0.0125255700678242;"+";-0.433674478657097;NA;-0.128327877259739;"+";NA;"+";NA;NA;NA;"+";NA;NA;NA;NA;NA;NA;9;-92.5195591489055;207.324832583525;14.4820081305997;6.03110596415582e-05
-0.0677044865594339;"+";-3.78682590099817;-0.372758337094848;0.152010267897138;"+";"+";NA;"+";0.122383267296026;1.34929637146299;NA;"+";NA;NA;NA;NA;NA;13;-85.8890139252319;207.356975218885;14.5141507659593;5.93495286731239e-05
-0.389839498162989;"+";-4.30708793754085;-0.396487525606497;0.262401734962916;"+";"+";"+";NA;-0.040114173175112;1.52756997896337;"+";NA;NA;NA;NA;NA;NA;13;-85.8917396322879;207.362426632997;14.5196021800713;5.91879795119132e-05
-0.0456137609299081;"+";-2.9078760793329;NA;-0.0744318778515046;"+";"+";NA;NA;NA;1.13793254373775;"+";NA;NA;NA;NA;NA;NA;10;-91.0479588286829;207.461771315902;14.6189468629769;5.63197983288543e-05
-0.317266328515938;NA;-0.325800508274848;NA;0.0351660511815962;"+";NA;NA;NA;NA;0.141072120904042;"+";"+";NA;NA;NA;NA;NA;9;-92.6232314250977;207.53217713591;14.6893526829842;5.43716686340118e-05
-0.221375708375501;"+";-3.78986504819659;-0.378326811552012;0.24380704331085;"+";"+";"+";"+";0.147022696507668;1.35802016800017;NA;NA;NA;NA;NA;NA;NA;13;-86.0040035304448;207.586954429311;14.7441299763852;5.2902710425602e-05
-0.123995501367941;"+";-4.3230029128765;-0.455745161178064;0.193568628437368;"+";"+";"+";NA;NA;0.796286253864634;"+";"+";NA;NA;NA;"+";NA;14;-84.1225164198669;207.596384191085;14.7535597381597;5.26538675405965e-05
-0.462999518174333;"+";-8.54652399095509;-0.480488913291526;0.421349688799244;"+";"+";"+";NA;NA;3.44850753530399;"+";"+";"+";NA;NA;"+";NA;15;-82.1663393655846;207.666012064502;14.8231876115769;5.08523205540576e-05
-0.667248946691024;NA;-0.644377122531395;-0.311361060514212;0.285545472804262;"+";NA;NA;NA;-0.0775613555545699;0.140908524089289;"+";"+";NA;NA;NA;NA;NA;11;-89.5409760178536;207.681952035707;14.8391275827816;5.04486390959414e-05
-0.636688197515841;NA;-0.801683475110751;-0.366545931126231;0.346414475282473;"+";NA;NA;NA;0.113715959630218;-0.594800256064077;"+";"+";NA;NA;NA;"+";NA;12;-87.8415633695374;207.683126739075;14.8403022861493;5.04190167030533e-05
-0.482547393829807;"+";-8.91501799346094;-0.472338829057749;0.435668124453302;"+";"+";"+";"+";NA;3.60077807137107;"+";NA;"+";"+";NA;NA;NA;15;-82.200120334874;207.733574003081;14.8907495501559;4.91631710573304e-05
-0.314272141679024;"+";-3.77519630747155;-0.382179920014708;0.272803981063165;"+";"+";"+";NA;0.146781473164706;1.35033339196626;NA;"+";NA;NA;NA;NA;NA;13;-86.1044399832093;207.78782733484;14.945002881914;4.78474641926689e-05
0.0270937246924016;"+";-3.45640816797009;-0.376831837023465;0.0646111413693375;"+";"+";"+";"+";NA;1.24432330191607;NA;"+";NA;NA;NA;NA;NA;13;-86.1441290988657;207.867205566153;15.024381113227;4.59856322776334e-05
-0.00183403221408277;"+";-1.96708156195479;NA;-0.0389152426534365;"+";"+";NA;"+";NA;0.825252435672843;NA;NA;NA;NA;NA;NA;NA;10;-91.3487896096725;208.063432877882;15.2206084249561;4.16880847283702e-05
-0.665032856095506;"+";-8.11282502082666;-0.399678996742063;0.514826885584349;"+";"+";"+";NA;0.139348233938169;4.05872933466995;NA;"+";"+";NA;NA;NA;NA;14;-84.3885470429747;208.128445437301;15.2856209843752;4.0354748490635e-05
-0.712065870773452;"+";-7.98287423364917;-0.407805969963347;0.515710623595759;"+";"+";"+";NA;NA;3.9103512809162;"+";"+";"+";NA;NA;NA;NA;14;-84.4580865898947;208.267524531141;15.4247000782153;3.76438473320175e-05
-0.50016334913162;"+";-7.71324592370607;-0.394558506869698;0.407337437763178;"+";"+";"+";"+";0.123445052462955;3.81377879580568;NA;NA;"+";NA;NA;NA;NA;14;-84.4825306729845;208.31641269732;15.4735882443949;3.67348332695242e-05
-0.0876577969821439;"+";-1.96530854831406;NA;-0.0400815886243462;"+";"+";NA;NA;NA;0.820548387935893;NA;"+";NA;NA;NA;NA;NA;10;-91.5016088697307;208.369071397998;15.5262469450725;3.57802508868875e-05
-0.079778500982586;"+";-1.98988664737442;NA;-0.0660457994825553;"+";"+";"+";NA;NA;0.826678080928766;NA;NA;NA;NA;NA;NA;NA;10;-91.5198906302765;208.40563491909;15.5628104661641;3.5132067923791e-05
-0.568578146935862;"+";-7.65657383766499;-0.402720749077923;0.424178697524425;"+";"+";"+";"+";NA;3.71481237211137;"+";NA;"+";NA;NA;NA;NA;14;-84.5293382583903;208.410027868132;15.5672034152065;3.5054985917041e-05
0.00302559076550872;"+";-1.70532342553286;NA;NA;"+";"+";NA;"+";NA;NA;"+";NA;NA;"+";NA;NA;NA;10;-91.6336854764933;208.633224611523;15.7904001585976;3.13532986996936e-05
0.49731389727531;"+";-1.03206871363661;-0.386272081244758;-0.178102695947557;"+";NA;NA;"+";NA;-0.715974020232157;"+";"+";NA;NA;NA;"+";NA;13;-86.5957939498385;208.770535268098;15.9277108151726;2.92729580068588e-05
0.0373066636213337;"+";-1.48005887507278;-0.33152486271378;0.0590534858440381;"+";"+";"+";"+";NA;NA;NA;"+";NA;NA;NA;NA;NA;12;-88.446533381447;208.893066762894;16.0502423099686;2.7533361298405e-05
-0.741734137356747;"+";-7.74185959139521;-0.408611718309826;0.518463926003604;"+";"+";"+";"+";NA;3.93533685808771;NA;"+";"+";NA;NA;NA;NA;14;-84.7731036623672;208.897558676086;16.0547342231602;2.74715919555879e-05
-0.621952544642469;"+";-7.47743893661391;-0.404999349754617;0.381073840087798;"+";"+";"+";NA;0.0273880073871138;3.60486096975869;"+";NA;"+";NA;NA;NA;NA;14;-84.7739622339798;208.899275819311;16.0564513663854;2.74480157489615e-05
0.291023591322445;"+";-1.35198573743581;-0.327395127698802;-0.10047454606254;"+";"+";NA;"+";NA;NA;"+";"+";NA;NA;NA;NA;NA;12;-88.5189954696177;209.037990939235;16.1951664863099;2.56088070923889e-05
-0.168644995748256;"+";-1.48011524237704;-0.336542687029986;0.182736205264375;"+";"+";"+";"+";0.0311885000000421;NA;NA;NA;NA;NA;NA;NA;NA;12;-88.5350833968426;209.070166793685;16.2273423407597;2.52001108204174e-05
0.288427197840014;"+";-1.42173507237181;-0.326095313852502;-0.0974928923262822;"+";"+";NA;"+";-0.000252144774874109;NA;NA;"+";NA;NA;NA;NA;NA;12;-88.5447724136901;209.08954482738;16.2467203744546;2.49571255671181e-05
-0.194331850131296;"+";-1.45402619853192;-0.339805116038422;0.190469762024476;"+";"+";"+";"+";NA;NA;"+";NA;NA;NA;NA;NA;NA;12;-88.5533536136301;209.10670722726;16.2638827743347;2.47438797437847e-05
0.60421278881129;"+";-0.816079909163335;NA;-0.379815911137015;"+";"+";NA;"+";NA;NA;NA;"+";NA;NA;NA;NA;NA;10;-91.9144517522181;209.194757162973;16.3519327100474;2.36781624437137e-05
-0.248547315941991;"+";-1.47407458431537;-0.339959549497299;0.206815251325049;"+";"+";"+";NA;0.0314378958816186;NA;NA;"+";NA;NA;NA;NA;NA;12;-88.604433279199;209.208866558398;16.3660421054724;2.3511707998534e-05
-0.265770424713248;"+";-1.45793586537929;-0.342777474706367;0.209100899187148;"+";"+";"+";NA;NA;NA;"+";"+";NA;NA;NA;NA;NA;12;-88.6207124355471;209.241424871094;16.3986004181687;2.31320558208871e-05
0.102694706785319;"+";-1.30118001433834;-0.328972775649483;0.0225910579061148;"+";"+";NA;"+";0.108105442255134;NA;"+";NA;NA;NA;NA;NA;NA;12;-88.6427375780611;209.285475156122;16.4426507031967;2.26281387879936e-05
0.510503426904105;"+";-0.375939134796953;NA;-0.343602467334304;"+";NA;NA;"+";NA;0.0899145534988397;NA;"+";NA;NA;NA;NA;NA;10;-91.9617094275421;209.289272513621;16.4464480606952;2.25852159829452e-05
-0.226507179860332;"+";-1.43364694442863;-0.340800261195594;0.157106218329035;"+";"+";"+";NA;0.0437674739674951;NA;"+";NA;NA;NA;NA;NA;NA;12;-88.6520199263379;209.304039852676;16.4612153997503;2.24190683563464e-05
0.371875625336079;"+";-0.533657157672026;-0.312104834043477;-0.179948004163572;"+";NA;"+";"+";NA;NA;NA;"+";NA;NA;"+";NA;NA;12;-88.6814114745109;209.362822949022;16.5199984960962;2.17697265537241e-05
0.560858713755276;"+";-0.432835858877229;NA;-0.366300205055537;"+";NA;NA;"+";NA;NA;"+";"+";NA;NA;NA;NA;NA;10;-92.0090776063388;209.384008871214;16.5411844182887;2.15403377854015e-05
0.526085054582999;"+";-0.453022526478874;NA;-0.344975043086451;"+";NA;"+";"+";NA;NA;NA;"+";NA;NA;NA;NA;NA;10;-92.0094460193203;209.384745697177;16.5419212442516;2.15324035069716e-05
0.191599936081806;"+";-0.841961925115023;-0.392834517419544;-0.0102761613646129;"+";NA;NA;NA;0.171911858635997;-0.818876300512477;"+";"+";NA;NA;NA;"+";NA;13;-86.9239915572163;209.426930482854;16.5841060299281;2.10829898595276e-05
0.0225939216381992;"+";-1.31271722117756;-0.333453692769134;0.037240345644617;"+";"+";NA;NA;0.090921289001027;NA;"+";"+";NA;NA;NA;NA;NA;12;-88.7325769886318;209.465153977264;16.6223295243381;2.0683883049274e-05
0.437851944707491;"+";-3.26840249963184;-0.418062498276678;-0.058449168917709;"+";"+";NA;"+";0.182243447871488;NA;"+";"+";NA;"+";NA;NA;NA;14;-85.0937894716478;209.538930294647;16.6961058417214;1.99347938896944e-05
0.706693494612001;"+";NA;NA;-0.459540905159352;"+";NA;"+";"+";NA;NA;NA;"+";NA;NA;"+";NA;NA;10;-92.1269072977941;209.619668254125;16.7768438011993;1.91460736241575e-05
-0.212360067494694;"+";-9.25179883330253;-0.478226865380833;0.384272250092115;"+";"+";"+";NA;0.43841362907045;3.78026981149909;"+";"+";"+";NA;NA;"+";NA;16;-81.0407964242696;209.624449991396;16.7816255384709;1.91003525555447e-05
0.0638292925355907;"+";-1.02994335454381;-0.397859622427204;0.0277377816877122;"+";NA;"+";NA;NA;-0.665533894005529;"+";"+";NA;NA;NA;"+";NA;13;-87.083596445233;209.746140258887;16.9033158059615;1.79728387428783e-05
-0.293319638632194;NA;-0.499597527965929;NA;0.0344859104481476;"+";NA;NA;NA;NA;-0.160374197461602;"+";"+";NA;NA;NA;"+";NA;10;-92.2167020640811;209.799257786699;16.9564333337733;1.75017853484376e-05
0.0591097266226935;"+";-0.719374064936686;NA;-0.0698221009981649;"+";"+";"+";"+";NA;NA;NA;NA;NA;NA;NA;NA;NA;10;-92.2519635961544;209.869780850845;17.0269563979198;1.68953994599145e-05
-0.30143453351429;"+";-5.35644863770139;NA;0.0440431768406982;"+";"+";"+";NA;NA;2.91386280130183;NA;NA;"+";NA;NA;NA;NA;11;-90.6524749071243;209.904949814249;17.0621253613232;1.66008995202554e-05
0.231749452199084;"+";-3.30290467403887;-0.426138133227805;0.0218480661407449;"+";"+";"+";"+";NA;NA;"+";"+";NA;"+";NA;NA;NA;14;-85.2845991709083;209.920549693168;17.0777252402424;1.64719171901345e-05
0.175035586083645;"+";-0.612746931715082;-0.307410888039041;-0.0816949622546888;"+";NA;NA;"+";-0.0343072265759076;0.0492904835289695;NA;"+";NA;NA;NA;NA;NA;12;-88.9606609859595;209.921321971919;17.0784975189935;1.646555796217e-05
0.10407003269852;"+";-0.642978683660482;-0.309402064670345;-0.0320723086668306;"+";NA;"+";"+";-0.0315698892620123;NA;NA;"+";NA;NA;NA;NA;NA;12;-88.9625714484033;209.925142896807;17.0823184438811;1.64341311614866e-05
0.117669511905509;"+";-0.602136015833292;-0.306205202546493;-0.0361938832407205;"+";NA;"+";"+";NA;NA;"+";"+";NA;NA;NA;NA;NA;12;-88.9737088773776;209.947417754755;17.1045933018298;1.62521126833529e-05
0.10537111950197;"+";-0.617711923254329;-0.304767050638252;-0.0322817116237946;"+";NA;"+";"+";NA;0.0338692068304108;NA;"+";NA;NA;NA;NA;NA;12;-88.9742183861562;209.948436772312;17.1056123193868;1.62438341984305e-05
0.185534380900916;"+";-0.58287737423007;-0.304306694072033;-0.0817102487108408;"+";NA;NA;"+";NA;0.0374151583267426;"+";"+";NA;NA;NA;NA;NA;12;-88.9758566711425;209.951713342285;17.1088888893595;1.62172439558872e-05
0.20483156582605;"+";-0.656716530685878;-0.308555829814489;-0.0923437254861184;"+";NA;NA;"+";-0.0323951155372731;NA;"+";"+";NA;NA;NA;NA;NA;12;-88.9768862507832;209.953772501566;17.1109480486409;1.62005556041502e-05
0.0483520349018732;"+";-3.31819930744726;-0.428203739188478;0.175119471804184;"+";"+";"+";"+";0.181291831216939;NA;"+";NA;NA;"+";NA;NA;NA;14;-85.3060673276636;209.963486006679;17.1206615537531;1.61220642750791e-05
0.268080853933101;"+";-0.754859409342975;NA;-0.192845673462685;"+";"+";NA;"+";NA;NA;"+";NA;NA;NA;NA;NA;NA;10;-92.300551687138;209.966957032813;17.124132579887;1.60941084876976e-05
0.170622285807274;"+";-0.363977292224009;NA;-0.157152977849106;"+";NA;NA;"+";NA;0.10683778430448;"+";NA;NA;NA;NA;NA;NA;10;-92.3225958415802;210.011045341697;17.1682208887715;1.57432093219708e-05
0.0760402529406873;"+";-0.420510536887487;NA;-0.0907292646534547;"+";NA;"+";"+";NA;NA;"+";NA;NA;NA;NA;NA;NA;10;-92.3420310936036;210.049915845744;17.2070913928183;1.54401902453999e-05
0.0490461586413207;"+";-0.25754070785095;NA;-0.0880869611045934;"+";NA;"+";"+";NA;0.0678359915233495;NA;NA;NA;NA;NA;NA;NA;10;-92.3473085940873;210.060470846711;17.2176463937857;1.53589192763311e-05
-0.0285790168265632;"+";-0.714909505919292;NA;-0.0621309889857235;"+";"+";"+";NA;NA;NA;NA;"+";NA;NA;NA;NA;NA;10;-92.3901761318815;210.1462059223;17.303381469374;1.47144326910437e-05
0.0130390796449014;"+";-0.835417129959292;NA;-0.113270605174473;"+";"+";"+";NA;NA;NA;"+";NA;NA;NA;NA;NA;NA;10;-92.402254351993;210.170362362523;17.327537909597;1.45377775217775e-05
-0.197606505782867;"+";-0.664464842761925;-0.318419842924045;0.13476792283068;"+";NA;"+";"+";-0.036701298046007;NA;"+";NA;NA;NA;NA;NA;NA;12;-89.0978934878821;210.195786975764;17.3529625228386;1.43541385468542e-05
-0.176010780621935;"+";-0.590465059926657;-0.313798886524795;0.122263622835956;"+";NA;"+";"+";NA;0.0258079171873779;"+";NA;NA;NA;NA;NA;NA;12;-89.1035032711584;210.207006542317;17.3641820893913;1.42738403787274e-05
-0.185942109960487;"+";-0.560873653162857;-0.315316033925905;0.125939997672752;"+";NA;"+";"+";-0.00465526066747026;0.0202348767404675;NA;NA;NA;NA;NA;NA;NA;12;-89.1065554250874;210.213110850175;17.3702863972493;1.42303408381497e-05
0.383200420899134;"+";-2.20334297963198;NA;-0.252066828181843;"+";"+";NA;"+";NA;0.881956091541789;NA;"+";NA;NA;NA;NA;NA;11;-90.8071811361625;210.214362272325;17.3715378193995;1.42214395413948e-05
0.184237870467018;"+";-0.76106011722154;NA;-0.187353257575426;"+";"+";NA;NA;NA;NA;"+";"+";NA;NA;NA;NA;NA;10;-92.4321797548351;210.230213168207;17.3873887152814;1.41091737287343e-05
-0.0703458853583597;"+";-0.644763514636233;-0.316963791401254;0.0455067259735091;"+";NA;NA;"+";-0.0467531772642352;0.0734556096685016;"+";NA;NA;NA;NA;NA;NA;12;-89.1299352124683;210.259870424937;17.417045972011;1.39014976163683e-05
0.0850013055919831;"+";-0.369898829558677;NA;-0.149487461146544;"+";NA;NA;NA;NA;0.106723995418223;"+";"+";NA;NA;NA;NA;NA;10;-92.454186936757;210.274227532051;17.431403079125;1.38020622990868e-05
0.0483870887368401;"+";-2.90631167971836;NA;-0.0520953753881899;"+";"+";NA;"+";NA;1.14547357657861;"+";NA;NA;NA;NA;NA;NA;11;-90.8551200910884;210.310240182177;17.4674157292513;1.35557620150227e-05
-0.0137219659660927;"+";-0.425160332224448;NA;-0.0783196786346777;"+";NA;"+";NA;NA;NA;"+";"+";NA;NA;NA;NA;NA;10;-92.4734082431717;210.31267014488;17.4698456919544;1.35393020182879e-05
-0.269260196236091;"+";-0.688343087761329;-0.322534240470355;0.150990456898699;"+";NA;"+";NA;-0.0491659641205651;NA;"+";"+";NA;NA;NA;NA;NA;12;-89.1578640353535;210.315728070707;17.4729036177816;1.35186167451638e-05
0.00775369907300699;"+";-0.385446730659673;NA;-0.133367005491946;"+";NA;"+";NA;NA;0.0902356559803814;"+";NA;NA;NA;NA;NA;NA;10;-92.4775486929216;210.32095104438;17.4781265914542;1.34833591129475e-05
-0.27374670293133;"+";-0.71814249734197;-0.324447703679805;0.120699302450514;"+";NA;"+";NA;-0.0865760385348281;0.0656188494028129;"+";NA;NA;NA;NA;NA;NA;12;-89.1622946118946;210.324589223789;17.4817647708636;1.34588539684857e-05
-0.0377879988909329;"+";-0.256697070734318;NA;-0.0819175261491046;"+";NA;"+";NA;NA;0.066763365092186;NA;"+";NA;NA;NA;NA;NA;10;-92.4850139565479;210.335881571632;17.4930571187069;1.33830770642932e-05
-0.249172267628945;"+";-0.594134191221356;-0.316930190101952;0.139977799896259;"+";NA;"+";NA;NA;0.0258339351855741;"+";"+";NA;NA;NA;NA;NA;12;-89.1708436673214;210.341687334643;17.4988628817172;1.33442839106067e-05
-0.258963904581583;"+";-0.558317567355732;-0.318925011984211;0.141376854533404;"+";NA;"+";NA;-0.00708431720656153;0.0193076725417749;NA;"+";NA;NA;NA;NA;NA;12;-89.1751353674345;210.350270734869;17.5074462819435;1.32871369623346e-05
-0.134828036570389;"+";-0.673275350000277;-0.321204162339359;0.0533888522898914;"+";NA;NA;NA;-0.0640576714392225;0.0815028242852891;"+";"+";NA;NA;NA;NA;NA;12;-89.1878082657998;210.3756165316;17.5327920786741;1.31198129058063e-05
0.2629866909621;"+";-3.98368265439194;-0.439136051403982;0.0515816902949563;"+";"+";NA;"+";0.213911150182446;0.512839435375059;"+";"+";NA;NA;NA;"+";NA;15;-83.5321138981796;210.397561129692;17.5547366767669;1.29766452705672e-05
-0.0388271844434281;"+";-2.91540682099646;NA;-0.0405440670194917;"+";"+";NA;NA;NA;1.14690868708712;"+";"+";NA;NA;NA;NA;NA;11;-90.9943883373248;210.58877667465;17.7459522217241;1.17934400823239e-05
0.0791498564612481;"+";-4.6764935068423;-0.448979384462702;0.11091315889352;"+";"+";NA;"+";NA;0.91760292569486;"+";"+";NA;"+";NA;"+";NA;15;-83.6763409801426;210.686015293619;17.8431908406931;1.12337668751964e-05
-0.0532317481113861;"+";-2.9067637564472;NA;-0.0699693597366977;"+";"+";"+";NA;NA;1.13579525224604;"+";NA;NA;NA;NA;NA;NA;11;-91.0478284139008;210.695656827802;17.8528323748761;1.11797418272452e-05
0.0698071591363054;"+";-4.92939140267856;-0.442179015843596;0.13584647318405;"+";"+";NA;"+";0.0904635468990426;1.08205210791868;"+";"+";NA;"+";NA;NA;NA;15;-83.6957121244003;210.724757582134;17.8819331292084;1.1018250098971e-05
-0.119630798154174;"+";-4.2119378775279;-0.383653457158929;0.161301646527297;"+";"+";"+";"+";NA;1.50427005846062;"+";"+";NA;NA;NA;NA;NA;14;-85.7094321540313;210.770215659414;17.9273912064884;1.07706404905957e-05
-0.154155928712793;"+";-4.22050922203536;-0.384627177581093;0.180258651713935;"+";"+";NA;"+";-0.00999892344880623;1.50153334841258;"+";"+";NA;NA;NA;NA;NA;14;-85.7102148306154;210.771781012582;17.9289565596566;1.07622138605815e-05
0.0922950186095396;"+";-5.00449185860751;-0.446137826080369;0.101030768955331;"+";"+";"+";"+";NA;1.13910437653521;"+";"+";NA;"+";NA;NA;NA;15;-83.7442283037862;210.821789940906;17.9789654879802;1.04964469956513e-05
0.324527433853747;"+";-4.21806870376565;-0.445367067945108;-0.0383567775519837;"+";"+";"+";"+";NA;0.726986671563174;"+";"+";NA;NA;NA;"+";NA;15;-83.7605297877482;210.85439290883;18.0115684559043;1.0326726440172e-05
-0.314734812925866;"+";-4.26387258135178;-0.390587860301884;0.275085483635214;"+";"+";"+";"+";-0.00480228638047244;1.51510388117585;"+";NA;NA;NA;NA;NA;NA;14;-85.7840874809133;210.919526313178;18.0767018602525;9.99583626110555e-06
-0.110414375120385;"+";-4.99554195749428;-0.449179513603525;0.243431504886511;"+";"+";"+";"+";0.0966839406614654;1.12016184495759;"+";NA;NA;"+";NA;NA;NA;15;-83.8465171705775;211.026367674488;18.1835432215628;9.47586416673232e-06
-0.392671592981515;"+";-4.29081132586599;-0.394449796525444;0.300069954119444;"+";"+";"+";NA;-0.0167776368905493;1.52183267730617;"+";"+";NA;NA;NA;NA;NA;14;-85.8436498771972;211.038651105746;18.1958266528203;9.41784445634324e-06
0.0178795864500689;"+";-4.13523404815906;-0.451185794975646;0.155335030047634;"+";"+";"+";NA;0.197600178195182;0.631914920173982;"+";"+";NA;NA;NA;"+";NA;15;-83.8873671266654;211.108067586664;18.2652431337386;9.09657524200324e-06
0.0101509525159251;"+";-3.80329308359641;-0.372103876970043;0.104528546863363;"+";"+";"+";"+";0.121677897589466;1.36969513175474;NA;"+";NA;NA;NA;NA;NA;14;-85.8792245982338;211.109800547819;18.2669760948934;9.08869665005144e-06
0.388312370251244;"+";-1.60133054621918;-0.352743535542926;-0.133061042776627;"+";"+";"+";"+";NA;NA;NA;"+";NA;NA;"+";NA;NA;13;-87.7730615230654;211.125070414552;18.2822459616262;9.01956928395611e-06
-0.335170964004729;"+";-9.18835722547635;-0.463615816307588;0.402969934389175;"+";"+";"+";"+";0.232069865622919;3.77638249825229;"+";NA;"+";"+";NA;NA;NA;16;-81.8375164419091;211.217890026675;18.3750655737498;8.61053777336003e-06
-0.0151566209202765;"+";-1.96403371495473;NA;-0.0308388847267586;"+";"+";"+";"+";NA;0.821120413828821;NA;NA;NA;NA;NA;NA;NA;11;-91.3483870705384;211.296774141077;18.4539496881513;8.27753085864577e-06
0.372092949589309;"+";-1.77047309503669;NA;-0.21613963962729;"+";"+";NA;"+";NA;NA;"+";NA;NA;"+";NA;NA;NA;11;-91.4338899859691;211.467779971938;18.6249555190128;7.59919106656003e-06
-0.0945495344832147;"+";-1.96351077466665;NA;-0.0357732961948975;"+";"+";"+";NA;NA;0.81841787926125;NA;"+";NA;NA;NA;NA;NA;11;-91.501508000395;211.60301600079;18.7601915478646;7.10233631656786e-06
0.0144585597901953;"+";-3.47323755408739;-0.376662259639539;0.0715004244628621;"+";"+";"+";"+";NA;1.25723877845027;NA;"+";NA;NA;"+";NA;NA;14;-86.1435436614764;211.638438674304;18.7956142213787;6.9776518697694e-06
-0.713241242692378;"+";-9.3905741832407;-0.479806876851496;0.572473799406391;"+";"+";"+";"+";NA;3.88659869591873;"+";"+";"+";"+";NA;NA;NA;16;-82.1323934692743;211.807644081406;18.9648196284802;6.41160576091159e-06
-0.435287782907317;"+";-8.49919197626569;-0.479752221737601;0.406394987049967;"+";"+";"+";"+";NA;3.41889466501318;"+";"+";"+";NA;NA;"+";NA;16;-82.1654560489491;211.873769240755;19.0309447878298;6.20308760321367e-06
-0.797311706643418;"+";-8.36890441088239;-0.404256547308216;0.58789802191284;"+";"+";"+";"+";0.147739420149789;4.21632328259891;NA;"+";"+";NA;NA;NA;NA;15;-84.3658416277083;212.06501658875;19.2221921358243;5.63740297823194e-06
-0.672315651337886;"+";-8.10238012229515;-0.401319054743955;0.514635288451666;"+";"+";"+";NA;0.110545110372536;4.02608023280013;"+";"+";"+";NA;NA;NA;NA;15;-84.380828658764;212.094990650861;19.2521661979359;5.55354500535858e-06
0.621432483011582;"+";-0.812769707094792;-0.380119239501434;-0.201920227442849;"+";NA;NA;"+";0.200455257168392;-0.903446488065721;"+";"+";NA;NA;NA;"+";NA;14;-86.3733743140813;212.098099979514;19.2552755265885;5.5449178149845e-06
-0.841495903660378;"+";-8.2258253185318;-0.412652826555713;0.586051507251276;"+";"+";"+";"+";NA;4.05406050788973;"+";"+";"+";NA;NA;NA;NA;15;-84.4372979414171;212.207929216167;19.365104763242;5.24863047622706e-06
-0.513982855035481;"+";-7.71225517213442;-0.396524674220222;0.410257117354637;"+";"+";"+";"+";0.0929079543526955;3.78518439310134;"+";NA;"+";NA;NA;NA;NA;15;-84.473778228326;212.280889789985;19.4380653370598;5.06060931479419e-06
0.72548374766648;"+";-0.360306756330463;NA;-0.463114662471903;"+";NA;"+";"+";NA;NA;NA;"+";NA;NA;"+";NA;NA;11;-91.8549496966516;212.309899393303;19.4670749403777;4.98773596479684e-06
0.506515347956984;"+";-0.831949563710607;NA;-0.321107976713893;"+";"+";"+";"+";NA;NA;NA;"+";NA;NA;NA;NA;NA;11;-91.9008373052199;212.40167461044;19.5588501575142;4.76403254905968e-06
0.603993255440785;"+";-0.784507687976285;NA;-0.380616600084058;"+";"+";NA;"+";NA;NA;"+";"+";NA;NA;NA;NA;NA;11;-91.9106830825419;212.421366165084;19.5785417121583;4.71735710051967e-06
0.235751847682014;"+";-0.579782785811682;NA;-0.211648890600056;"+";NA;NA;NA;NA;-0.253940707955875;"+";"+";NA;NA;NA;"+";NA;11;-91.9251824065186;212.450364813037;19.6075403601117;4.64945208961917e-06
0.0557763442893103;"+";-1.43457368301475;-0.332007198755359;0.0467061043933333;"+";"+";"+";"+";NA;NA;"+";"+";NA;NA;NA;NA;NA;13;-88.4377468864721;212.454441141365;19.6116166884397;4.63998539360533e-06
0.0361701837149786;"+";-1.48825829849675;-0.330938171282354;0.0614046085112306;"+";"+";"+";"+";0.0073137946902185;NA;NA;"+";NA;NA;NA;NA;NA;13;-88.4455950987965;212.470137566014;19.6273131130886;4.60371232859644e-06
0.621011026193181;"+";-1.03306859741056;-0.386304488336255;-0.252299559010315;"+";NA;"+";"+";NA;-0.706029739055775;"+";"+";NA;NA;NA;"+";NA;14;-86.5759938428849;212.503339037121;19.6605145841957;4.52791817762584e-06
0.314901203684792;"+";-1.3139120338331;-0.32198742544259;-0.0967463582033165;"+";"+";NA;"+";0.092200850033173;NA;"+";"+";NA;NA;NA;NA;NA;13;-88.4682794526544;212.51550627373;19.6726818208044;4.50045567212034e-06
0.539200668410207;"+";-0.37666066282952;NA;-0.360901553284063;"+";NA;"+";"+";NA;0.0947252609911222;NA;"+";NA;NA;NA;NA;NA;11;-91.9605426256206;212.521085251241;19.6782607983158;4.48791919493764e-06
0.509823385988339;"+";-0.383172794506612;NA;-0.343063780643824;"+";NA;NA;"+";NA;0.0915908904784522;"+";"+";NA;NA;NA;NA;NA;11;-91.9614895312226;212.522979062445;19.6801546095197;4.48367157047774e-06
-0.142786131475217;"+";-1.40783117546896;-0.334022019690098;0.175034039347542;"+";"+";"+";"+";0.0858407772508347;NA;"+";NA;NA;NA;NA;NA;NA;13;-88.510268105886;212.599483580193;19.7566591272675;4.31539990836781e-06
0.533412211967648;"+";-0.432803843140656;NA;-0.349980343242729;"+";NA;"+";"+";NA;NA;"+";"+";NA;NA;NA;NA;NA;11;-92.0081124731444;212.616224946289;19.7734004933632;4.27942782898954e-06
-0.227209285084808;"+";-5.56347736050384;NA;0.0948656643010771;"+";"+";"+";"+";NA;3.05701752988909;NA;NA;"+";NA;NA;NA;NA;12;-90.3523659573448;212.70473191469;19.861907461764;4.09417745582774e-06
-0.23509617518378;"+";-1.41984981316556;-0.338312194807189;0.202937923789779;"+";"+";"+";NA;0.0721505155403575;NA;"+";"+";NA;NA;NA;NA;NA;13;-88.5904454010397;212.7598381705;19.9170137175749;3.98290998336989e-06
-0.267052056917687;"+";-5.60109305676283;NA;0.0321822304564388;"+";"+";"+";NA;NA;2.87943282472214;"+";NA;"+";NA;NA;NA;NA;12;-90.4081370962836;212.816274192567;19.9734497396416;3.87209108324248e-06
0.420472460128043;"+";-0.598053574068823;-0.318575135358701;-0.192214714835729;"+";NA;"+";"+";NA;-0.118764173279528;NA;"+";NA;NA;"+";NA;NA;13;-88.6218445665452;212.822636501511;19.9798120485859;3.85979293490239e-06
0.380556155618016;"+";-0.630331922552373;-0.312670696066535;-0.18019960951024;"+";NA;"+";"+";NA;NA;"+";"+";NA;NA;"+";NA;NA;13;-88.6369299284699;212.852807225361;20.0099827724354;3.80200354437521e-06
-0.784685694966381;"+";-7.81143537816416;-0.408110513548539;0.542041749122731;"+";"+";"+";"+";NA;3.9868671060759;NA;"+";"+";NA;"+";NA;NA;15;-84.7661563422341;212.865646017802;20.022821564876;3.77767514754714e-06
0.391830854589938;"+";-0.526446939217449;-0.309824990593361;-0.186956634576903;"+";NA;"+";"+";0.0248806488351214;NA;NA;"+";NA;NA;"+";NA;NA;13;-88.6717914221235;212.922530212668;20.0797057597426;3.67174373967158e-06
-0.369130875654872;"+";-5.72825094674139;NA;0.152114567819632;"+";"+";"+";NA;NA;3.16888270974567;NA;"+";"+";NA;NA;NA;NA;12;-90.4712063024163;212.942412604833;20.0995881519071;3.63542304986411e-06
0.141942903491592;"+";-3.19893555868632;NA;-0.0866851152165479;"+";"+";NA;"+";NA;0.958040530674648;"+";NA;NA;"+";NA;NA;NA;12;-90.5138730286369;213.027746057274;20.1849216043482;3.48357393758794e-06
0.0772851530003523;"+";-0.82698113609934;NA;-0.0750894168717787;"+";"+";"+";"+";NA;NA;"+";NA;NA;NA;NA;NA;NA;11;-92.2209512915296;213.041902583059;20.1990781301337;3.45900334658856e-06
0.32471036269798;"+";-2.83932115688201;NA;-0.210850768007063;"+";"+";NA;"+";NA;1.10638446397368;"+";"+";NA;NA;NA;NA;NA;12;-90.5554513768613;213.110902753723;20.268078300797;3.34170251492264e-06
0.180225546176818;"+";-0.84267671341943;-0.392820789991787;-0.00327442801122006;"+";NA;"+";NA;0.171172944581512;-0.819417244408101;"+";"+";NA;NA;NA;"+";NA;14;-86.9237335537579;213.198818458867;20.3559940059417;3.19799023057435e-06
0.0714247508787118;"+";-0.37290646614306;NA;-0.0960246058261976;"+";NA;"+";"+";NA;0.0890278734360608;"+";NA;NA;NA;NA;NA;NA;11;-92.3008761051644;213.201752210329;20.3589277574032;3.1933026152331e-06
-0.0123755624881339;"+";-0.831172976251849;NA;-0.0621371767242397;"+";"+";"+";NA;NA;NA;"+";"+";NA;NA;NA;NA;NA;11;-92.353326603202;213.306653206404;20.4638287534786;3.0301289785207e-06
0.0699310759463081;"+";-2.85497718058495;NA;-0.092343681632326;"+";"+";NA;NA;NA;0.804180416393385;"+";"+";NA;NA;NA;"+";NA;12;-90.7180336676826;213.436067335365;20.5932428824397;2.84026716889569e-06
-0.0183482883427657;"+";-0.377778727571934;NA;-0.0838457006139674;"+";NA;"+";NA;NA;0.0890654610598754;"+";"+";NA;NA;NA;NA;NA;11;-92.4323715119747;213.464743023949;20.6219185710239;2.79983441242063e-06
0.109606618274075;"+";-0.612342992227681;-0.308247899873612;-0.0409255803572147;"+";NA;"+";"+";-0.0329088609636855;0.0377276678394788;NA;"+";NA;NA;NA;NA;NA;13;-88.9542428192314;213.487433006884;20.6446085539583;2.76824981715137e-06
0.162823821905455;"+";-0.665353546880229;-0.30908899914574;-0.0789402240355333;"+";NA;NA;"+";-0.0593154341186157;0.0660077362392487;"+";"+";NA;NA;NA;NA;NA;13;-88.9553523060649;213.489651980551;20.6468275276253;2.76518018360125e-06
0.0933157219334968;"+";-0.672319359198992;-0.310410559778922;-0.02657567572507;"+";NA;"+";"+";-0.0425973396104402;NA;"+";"+";NA;NA;NA;NA;NA;13;-88.9612448908264;213.501437150074;20.6586126971482;2.74893403789295e-06
0.35473714399964;"+";-3.2860896834793;-0.419244574130126;-0.0098564395625919;"+";"+";"+";"+";0.176469213420654;NA;"+";"+";NA;"+";NA;NA;NA;15;-85.0843502680336;213.502033869401;20.6592094164751;2.74811398919937e-06
0.118591566618207;"+";-0.587488022912901;-0.305209504937497;-0.0403609031154703;"+";NA;"+";"+";NA;0.027399694966742;"+";"+";NA;NA;NA;NA;NA;13;-88.9695071686109;213.517961705643;20.6751372527173;2.72631515169442e-06
0.537413755524652;"+";-2.2479112385452;NA;-0.343894453306173;"+";"+";"+";"+";NA;0.926665162860771;NA;"+";NA;NA;NA;NA;NA;12;-90.7722456552173;213.544491310435;20.701666857509;2.69038991727335e-06
0.33428653303987;"+";-3.30722459495115;-0.428398210776311;-0.0383271854256032;"+";"+";"+";"+";NA;NA;"+";"+";NA;"+";"+";NA;NA;15;-85.1803295920377;213.693992517409;20.8511680644832;2.49661429069594e-06
0.0177015536660132;"+";-2.90168155288897;NA;-0.0335044517369996;"+";"+";"+";"+";NA;1.13671303650799;"+";NA;NA;NA;NA;NA;NA;12;-90.8529254575101;213.70585091502;20.8630264620946;2.48185516635508e-06
-0.210554549598331;"+";-0.668247981822757;-0.318608695410965;0.13306224247647;"+";NA;"+";"+";-0.0553921419338124;0.0511404712938844;"+";NA;NA;NA;NA;NA;NA;13;-89.0857092019766;213.750365772374;20.9075413194487;2.42722566337431e-06
0.728577794551351;"+";-1.8379941911855;NA;-0.424025413553544;"+";"+";NA;"+";NA;NA;"+";"+";NA;"+";NA;NA;NA;12;-90.8996694489972;213.799338897994;20.956514445069;2.36851301874946e-06
-0.280280694660026;"+";-0.692835520613221;-0.322655841374479;0.147108495026473;"+";NA;"+";NA;-0.0704408527553455;0.058100541528923;"+";"+";NA;NA;NA;NA;NA;13;-89.1421552131224;213.863257794666;21.0204333417403;2.29401347257724e-06
-0.0742700519181587;"+";-2.91048844420492;NA;-0.0182769562131406;"+";"+";"+";NA;NA;1.13729756068808;"+";"+";NA;NA;NA;NA;NA;12;-90.9916252270835;213.983250454167;21.1404260012415;2.16042845733447e-06
-0.180694906895209;"+";-9.19996635196321;-0.477404273845207;0.367268247266153;"+";"+";"+";"+";0.438392632783784;3.74760628710663;"+";"+";"+";NA;NA;"+";NA;17;-81.0396455462018;214.079291092404;21.2364666394781;2.05913551700593e-06
0.507252303301329;"+";-1.81457314828401;-0.348965125231064;-0.162719047138667;"+";"+";"+";"+";0.148588570184907;NA;NA;"+";NA;NA;"+";NA;NA;14;-87.482493152195;214.316337655741;21.4735132028158;1.82898827926878e-06
0.55962779701211;"+";-3.98584550240263;-0.438640497112611;-0.11715026657526;"+";"+";"+";"+";0.235323795442012;0.522498971354097;"+";"+";NA;NA;NA;"+";NA;16;-83.4271998332928;214.397256809443;21.5544323565171;1.75646520678608e-06
0.740864061447252;"+";-0.618648228615775;NA;-0.446083190249601;"+";NA;NA;"+";NA;-0.335040785002197;"+";"+";NA;NA;NA;"+";NA;12;-91.2169005895189;214.433801179038;21.5909767261123;1.72466219007811e-06
0.218065936655371;"+";-4.26954832399636;-0.442190230061741;0.0733284711117128;"+";"+";NA;"+";0.184001668794757;0.653633408590808;"+";"+";NA;"+";NA;"+";NA;16;-83.498017997947;214.538893138751;21.6960686858255;1.63637792926484e-06
0.389394737979714;"+";-1.85173042292949;-0.35653370361973;-0.124378219152277;"+";"+";"+";"+";NA;NA;"+";"+";NA;NA;"+";NA;NA;14;-87.6236156777315;214.598582706814;21.7557582538887;1.58826215717001e-06
-0.0166710597652657;"+";-4.14230341622738;-0.386102975555667;0.106878835348056;"+";"+";"+";"+";NA;1.41044388452998;"+";"+";NA;NA;"+";NA;NA;15;-85.6590690396136;214.651471412561;21.808646959635;1.54681206811049e-06
0.192271493200053;"+";-4.36467896977697;-0.449694581315018;0.0385516315063208;"+";"+";"+";"+";NA;0.802415567291215;"+";"+";NA;NA;"+";"+";NA;16;-83.5886921751437;214.720241493144;21.877417040219;1.49452890341901e-06
-0.124932635324689;"+";-4.22076112032953;-0.384272515203446;0.162772367023968;"+";"+";"+";"+";-0.00849565370493978;1.50688854097255;"+";"+";NA;NA;NA;NA;NA;15;-85.7089661577421;214.751265648817;21.908441195892;1.47152453877053e-06
0.211687597476771;"+";-1.82076692026794;NA;-0.119451109486565;"+";"+";"+";"+";NA;NA;"+";NA;NA;"+";NA;NA;NA;12;-91.3770070777395;214.754014155479;21.9111897025534;1.46950368017574e-06
0.218662956071111;"+";-4.64688122321258;-0.448826242559976;0.0284187012641735;"+";"+";"+";"+";NA;0.914228394506688;"+";"+";NA;"+";NA;"+";NA;16;-83.6519669598502;214.846791062557;22.003966609632;1.40289261370126e-06
0.162848885321805;"+";-4.93749842303836;-0.441467555030327;0.0816274672327552;"+";"+";"+";"+";0.0952446581540631;1.09849698389543;"+";"+";NA;"+";NA;NA;NA;16;-83.6831061668893;214.909069476636;22.0662450237102;1.35988080247516e-06
0.14130438905182;"+";-3.70133062511401;-0.372809523490967;0.0398421545020821;"+";"+";"+";"+";0.149399929930792;1.2602034895596;NA;"+";NA;NA;"+";NA;NA;15;-85.8251545965591;214.983642526452;22.140818073526;1.31010924355144e-06
0.0373875484524686;"+";-5.07314580295591;-0.446267575050824;0.13246770815054;"+";"+";"+";"+";NA;1.18804193589904;"+";"+";NA;"+";"+";NA;NA;16;-83.7246190999912;214.992095342839;22.1492708899139;1.30458387157298e-06
0.752084827761248;"+";-0.861880149409382;NA;-0.463126931344864;"+";"+";"+";"+";NA;NA;NA;"+";NA;NA;"+";NA;NA;12;-91.6532175251427;215.306435050285;22.4636105973598;1.11484375365679e-06
-0.638044490905197;"+";-9.85784598016338;-0.473175193308617;0.587030160353017;"+";"+";"+";"+";0.252392202390782;4.18005391724955;"+";"+";"+";"+";NA;NA;NA;17;-81.7120663141351;215.42413262827;22.5813081753447;1.05112968348693e-06
-0.648496699604854;"+";-8.94598460475474;-0.488450643619575;0.530925167187807;"+";"+";"+";"+";NA;3.67446017412032;"+";"+";"+";NA;"+";"+";NA;17;-81.8058886357892;215.611777271578;22.7689528186529;9.56995253986437e-07
0.73311311036464;"+";-0.448830713085132;NA;-0.464320729122133;"+";NA;"+";"+";NA;NA;"+";"+";NA;NA;"+";NA;NA;12;-91.8234971276162;215.646994255232;22.8041698023069;9.4029150637314e-07
0.718735555521171;"+";-0.351664519979589;NA;-0.460417994172795;"+";NA;"+";"+";NA;0.0162671327441253;NA;"+";NA;NA;"+";NA;NA;12;-91.8538488402121;215.707697680424;22.8648732274986;9.12180810686822e-07
-0.192045227279739;"+";-5.81278615570086;NA;0.0832685760219968;"+";"+";"+";"+";NA;3.02367170344157;"+";NA;"+";NA;NA;NA;NA;13;-90.1036965196057;215.786340407632;22.9435159547069;8.7700865759348e-07
0.513461240661082;"+";-0.812655848402369;NA;-0.325827370495028;"+";"+";"+";"+";NA;NA;"+";"+";NA;NA;NA;NA;NA;12;-91.8996697384312;215.799339476862;22.9565150239368;8.7132699355322e-07
0.459704428504038;"+";-3.13858058379089;NA;-0.270688250992596;"+";"+";NA;"+";NA;0.884596586526318;"+";"+";NA;"+";NA;NA;NA;13;-90.1201573672008;215.819262102823;22.976437649897;8.62690519388218e-07
0.175101889076408;"+";-0.58249881065889;NA;-0.173569657562993;"+";NA;"+";NA;NA;-0.26108612750753;"+";"+";NA;NA;NA;"+";NA;12;-91.9177322788024;215.835464557605;22.9926401046793;8.55729900170699e-07
0.506765077265005;"+";-2.73496599058401;NA;-0.298929569570479;"+";"+";NA;"+";NA;0.673607132860076;"+";"+";NA;NA;NA;"+";NA;13;-90.1350686624006;215.849084693222;23.0062602402967;8.49922119659742e-07
0.537441814950828;"+";-0.38113205706895;NA;-0.359761719418134;"+";NA;"+";"+";NA;0.0955454687372407;"+";"+";NA;NA;NA;NA;NA;12;-91.9604598957284;215.920919791457;23.0780953385313;8.19936724666152e-07
-0.338493329664803;"+";-6.04577414643797;NA;0.151401853438561;"+";"+";"+";NA;NA;3.16432363429634;"+";"+";"+";NA;NA;NA;NA;13;-90.1847281951132;215.948403758647;23.1055793057219;8.08746233521907e-07
0.827170525420399;"+";-0.799293207913027;-0.379358861623348;-0.321004591720803;"+";NA;"+";"+";0.214611011645035;-0.90284097593292;"+";"+";NA;NA;NA;"+";NA;15;-86.3250870183977;215.983507370129;23.1406829172032;7.94675124656203e-07
-0.573230426975612;"+";-9.00637066260616;-0.482887383460784;0.491808916193141;"+";"+";"+";"+";NA;3.64843694179206;"+";"+";"+";"+";NA;"+";NA;17;-82.0341493487441;216.068298697488;23.2254742445627;7.61688530289835e-07
0.0573982296157965;"+";-5.05030872334124;NA;-0.0688985573963683;"+";"+";"+";"+";NA;2.70847816172626;NA;"+";"+";NA;NA;NA;NA;13;-90.2580303309256;216.095008030272;23.2521835773468;7.5158405519504e-07
-0.836164807717796;"+";-9.63309683706116;-0.4808028753394;0.643663373006377;"+";"+";"+";"+";NA;4.04938114568389;"+";"+";"+";"+";"+";NA;NA;17;-82.0496964735667;216.099392947133;23.2565684942079;7.49938043462453e-07
0.0962696637020429;"+";-1.39291186642801;-0.327077909375537;0.0366552626958034;"+";"+";"+";"+";0.0778112397634788;NA;"+";"+";NA;NA;NA;NA;NA;14;-88.4026177489657;216.156586849283;23.3137623963572;7.28795843943072e-07
-0.677206489663347;"+";-8.26910957083767;-0.404989704177945;0.528668835936259;"+";"+";"+";"+";0.17431058647286;4.11057600758497;NA;"+";"+";NA;"+";NA;NA;16;-84.3138818804345;216.170620903726;23.3277964508007;7.2369976424237e-07
-0.815141787097734;"+";-8.37504894352777;-0.406513439688657;0.592809652036941;"+";"+";"+";"+";0.114187225915503;4.1889476752017;"+";"+";"+";NA;NA;NA;NA;16;-84.3551057579829;216.253068658823;23.4102442058975;6.94472620823213e-07
-0.777284748795151;"+";-8.14853147790886;-0.413850898936729;0.551693325619113;"+";"+";"+";"+";NA;3.97550208835742;"+";"+";"+";NA;"+";NA;NA;16;-84.4189234724979;216.380704087853;23.5378796349274;6.51537545382873e-07
0.605755437697867;"+";-1.03190963679799;-0.3864977126826;-0.243993550463749;"+";NA;"+";"+";NA;-0.705073731550059;"+";"+";NA;NA;"+";"+";NA;15;-86.573714712052;216.480762757437;23.6379383045119;6.19743504021567e-07
0.430062133193552;"+";-0.703814371849177;-0.319484356875354;-0.192319054347041;"+";NA;"+";"+";NA;-0.124816762621691;"+";"+";NA;NA;"+";NA;NA;14;-88.571461838749;216.494275028849;23.6514505759238;6.15570545216513e-07
0.478511034053033;"+";-0.601868342998639;-0.315635454134839;-0.211176815653961;"+";NA;"+";"+";0.0546111337047337;-0.156230738906533;NA;"+";NA;NA;"+";NA;NA;14;-88.5818034185455;216.514958188442;23.6721337355169;6.09237377227155e-07
0.108282338226518;"+";-3.19385283755035;NA;-0.0664792980810655;"+";"+";"+";"+";NA;0.948054069233199;"+";NA;NA;"+";NA;NA;NA;13;-90.5111854492814;216.601318266984;23.7584938140583;5.83490362263949e-07
0.35740368021292;"+";-0.685386817803432;-0.31599180588446;-0.170728722923628;"+";NA;"+";"+";-0.0336919314163236;NA;"+";"+";NA;NA;"+";NA;NA;14;-88.6291158222397;216.609582995831;23.7667585429053;5.8108414256195e-07
0.427987709331592;"+";-2.84755635190481;NA;-0.272548461117564;"+";"+";"+";"+";NA;1.12828077978681;"+";"+";NA;NA;NA;NA;NA;13;-90.5404757467297;216.65989886188;23.8170744089549;5.66647624522545e-07
0.0576075578101969;"+";-2.85349112108386;NA;-0.0846799545725853;"+";"+";"+";NA;NA;0.801645822989205;"+";"+";NA;NA;NA;"+";NA;13;-90.7177104222281;217.014368212877;24.1715437599518;4.74614531301123e-07
0.47466847583373;"+";-2.33612762118726;NA;-0.308267594926022;"+";"+";"+";"+";NA;0.989317778841938;NA;"+";NA;NA;"+";NA;NA;13;-90.7603872337972;217.099721836015;24.2568973830898;4.5478562312784e-07
0.0835569183628465;"+";-0.67578156929956;-0.310396677954152;-0.0305104494279606;"+";NA;"+";"+";-0.0628829899475399;0.0558376592682976;"+";"+";NA;NA;NA;NA;NA;14;-88.9467120288413;217.244775409034;24.4019509561084;4.22969200124608e-07
0.507837067231005;"+";-3.29622257572287;-0.42085511128642;-0.0922044156110028;"+";"+";"+";"+";0.205698803197473;NA;"+";"+";NA;"+";"+";NA;NA;16;-84.9158900430913;217.37463722904;24.5318127761143;3.96378060260534e-07
0.710691797296862;"+";-1.84210627712905;NA;-0.413428573345463;"+";"+";"+";"+";NA;NA;"+";"+";NA;"+";NA;NA;NA;13;-90.8992425289096;217.37743242624;24.5346079733148;3.95824469777091e-07
0.873086747293656;"+";-0.613307602481534;NA;-0.524444137989883;"+";NA;"+";"+";NA;-0.325086660568863;"+";"+";NA;NA;NA;"+";NA;13;-91.1948567469477;217.968660862317;25.125836409391;2.9452286401749e-07
0.514954300683747;"+";-1.79827616744358;-0.348238704734943;-0.165710267505904;"+";"+";"+";"+";0.158424904198512;NA;"+";"+";NA;NA;"+";NA;NA;15;-87.4815206364821;218.296374606298;25.453550153372;2.50009711927896e-07
-0.369087613691386;"+";-9.50709806716005;-0.483915388116505;0.470246354730474;"+";"+";"+";"+";0.410591290648951;3.92536950790323;"+";"+";"+";NA;"+";"+";NA;18;-80.8190949164933;218.365462560259;25.5226381073338;2.41520845910744e-07
0.430436438217001;"+";-4.12488450496083;-0.442606823634556;-0.0477121894286451;"+";"+";"+";"+";0.212468874563269;0.601504902404323;"+";"+";NA;NA;"+";"+";NA;17;-83.3219849222474;218.643969844495;25.8011453915693;2.10124906282555e-07
-0.120620387946305;"+";-6.32941702185841;NA;0.0586450139871475;"+";"+";"+";"+";NA;2.93383801248538;"+";NA;"+";"+";NA;NA;NA;14;-89.6508586579884;218.653068667328;25.8102442144026;2.09171132833931e-07
0.761079538980505;"+";-1.03546815283541;NA;-0.463279653896078;"+";"+";"+";"+";NA;NA;"+";"+";NA;NA;"+";NA;NA;13;-91.5891115238163;218.757170416054;25.9143459631282;1.98562092532586e-07
-0.105419380959724;"+";-9.0403382113258;-0.475813941689734;0.327679914545356;"+";"+";"+";"+";0.465041148024452;3.67580434168117;"+";"+";"+";"+";NA;"+";NA;18;-81.0222896717116;218.771852070696;25.9290276177704;1.97109819463341e-07
0.508258678352249;"+";-4.13845194931234;-0.440323222358056;-0.089899734404301;"+";"+";"+";"+";0.217591867341305;0.597067182673331;"+";"+";NA;"+";NA;"+";NA;17;-83.4183027738815;218.836605547763;25.9937810948376;1.90830250889648e-07
0.0022713810719847;"+";-4.11772579007471;-0.384856570065438;0.0999162948319679;"+";"+";"+";"+";0.0193574825811168;1.39845105720463;"+";"+";NA;NA;"+";NA;NA;16;-85.6568632930988;218.856583729055;26.0137592761293;1.88933519299036e-07
-0.212943083748136;"+";-6.1924929648499;NA;0.0884832940917938;"+";"+";"+";NA;NA;2.90880071797327;"+";"+";"+";NA;NA;"+";NA;14;-89.7883065519564;218.927964455264;26.0851400023386;1.82309326460711e-07
0.146821604818391;"+";-4.61999574426855;-0.451058352564106;0.0688019589844548;"+";"+";"+";"+";NA;0.91203538191536;"+";"+";NA;"+";"+";"+";NA;17;-83.547618211433;219.095236422866;26.2524119699405;1.67681920852874e-07
0.728030822305711;"+";-0.441659949616919;NA;-0.462293532488906;"+";NA;"+";"+";NA;0.0124322801434015;"+";"+";NA;NA;"+";NA;NA;13;-91.8228560422696;219.22465945296;26.3818350000347;1.57174608197605e-07
0.125343746554728;"+";-4.98225763286897;-0.441936616376961;0.101267307032918;"+";"+";"+";"+";0.0870043953040455;1.12974415164432;"+";"+";NA;"+";"+";NA;NA;17;-83.6772192483614;219.354438496723;26.5116140437972;1.47299483882048e-07
-0.0238874350866158;"+";-5.46971057051091;NA;-0.0147166792947574;"+";"+";"+";"+";NA;2.81289758101658;"+";"+";"+";NA;NA;NA;NA;14;-90.0715187240441;219.49438879944;26.6515643465141;1.37344541229828e-07
0.684903194376579;"+";-2.74400483443765;NA;-0.403620043149307;"+";"+";"+";"+";NA;0.694569762992943;"+";"+";NA;NA;NA;"+";NA;14;-90.0944975007041;219.540346352759;26.697521899834;1.34224516157287e-07
0.580457320559064;"+";-3.15019445343333;NA;-0.342032600625892;"+";"+";"+";"+";NA;0.909456487412695;"+";"+";NA;"+";NA;NA;NA;14;-90.0996899456029;219.550731242557;26.7079067896316;1.33529369071391e-07
0.486071130423735;"+";-2.97717075283896;NA;-0.285598571154425;"+";"+";NA;"+";NA;0.782821851098479;"+";"+";NA;"+";NA;"+";NA;14;-90.1061993416975;219.563750034746;26.7209255818209;1.32662996358588e-07
-0.0390923837970407;"+";-5.22214982071117;NA;-0.0136779195226099;"+";"+";"+";"+";NA;2.82635376633307;NA;"+";"+";NA;"+";NA;NA;14;-90.2328301047728;219.817011560897;26.9741871079713;1.16883917892283e-07
-0.701195676074116;"+";-9.94872342935729;-0.473945927152358;0.620503819266472;"+";"+";"+";"+";0.239127883018271;4.24173185446677;"+";"+";"+";"+";"+";NA;NA;18;-81.6944618825815;220.116196492436;27.2733720395102;1.00643927934888e-07
0.842822231384226;"+";-0.796925718281383;-0.379136335408837;-0.328970569500879;"+";NA;"+";"+";0.217602717416683;-0.906169018145773;"+";"+";NA;NA;"+";"+";NA;16;-86.3235773216873;220.190011786232;27.3471873333062;9.69971090889137e-08
-0.693360845373563;"+";-9.14585151857755;-0.488748104302602;0.560160535817038;"+";"+";"+";"+";NA;3.75943234749969;"+";"+";"+";"+";"+";"+";NA;18;-81.7788778130738;220.28502835342;27.4422039004948;9.24966928825236e-08
0.460807676460032;"+";-2.82226194293273;NA;-0.290847123350375;"+";"+";"+";"+";NA;1.09936972251434;"+";"+";NA;NA;"+";NA;NA;14;-90.5364777169387;220.424306785229;27.5814823323032;8.62744656461946e-08
0.446383338020977;"+";-0.681579604344222;-0.318352806721455;-0.198325093629293;"+";NA;"+";"+";0.0173845323277621;-0.135378532702407;"+";"+";NA;NA;"+";NA;NA;15;-88.5698789222628;220.473091177859;27.6302667249334;8.41955002861814e-08
-0.695633547991997;"+";-8.27544432029887;-0.407193485919537;0.533904336730703;"+";"+";"+";"+";0.141259466161123;4.0840619575394;"+";"+";"+";NA;"+";NA;NA;17;-84.3035362265606;220.607072453121;27.7642480001957;7.87399650309298e-08
0.784330134665949;"+";-1.83708994669488;NA;-0.456938707179672;"+";"+";"+";"+";NA;NA;"+";"+";NA;"+";"+";NA;NA;14;-90.8597296746166;221.070810700585;28.227986247659;6.24447220180041e-08
0.864898247132267;"+";-0.612517820937022;NA;-0.519720057110871;"+";NA;"+";"+";NA;-0.325040010355234;"+";"+";NA;NA;"+";"+";NA;14;-91.1943129649501;221.739977281252;28.897152828326;4.46877058707838e-08
0.104876707410342;"+";-5.87232840199487;NA;-0.0726090008582795;"+";"+";"+";"+";NA;2.64439595428102;"+";"+";"+";"+";NA;NA;NA;15;-89.5937354647449;222.520804262823;29.6779798098976;3.02436104253257e-08
0.217090041855941;"+";-5.42671258635811;NA;-0.138455004557247;"+";"+";"+";"+";NA;2.41037353671798;"+";"+";"+";NA;NA;"+";NA;15;-89.5943537337101;222.522040800754;29.679216347828;3.02249175188212e-08
-0.234304163036953;"+";-9.19410897270733;-0.482047089167449;0.39874272237348;"+";"+";"+";"+";0.466483967106059;3.7924225148667;"+";"+";"+";"+";"+";"+";NA;19;-80.7313246720376;223.212649344075;30.3698248911496;2.13993895502244e-08
0.430559327320598;"+";-4.12444890763818;-0.442602850149098;-0.047777733187287;"+";"+";"+";"+";0.212517194783592;0.601294906158451;"+";"+";NA;"+";"+";"+";NA;18;-83.3219848441982;223.371242415669;30.5284179627436;1.97680275061465e-08
0.592803674516586;"+";-2.83570137026993;NA;-0.349645790418422;"+";"+";"+";"+";NA;0.742422359123745;"+";"+";NA;NA;"+";"+";NA;15;-90.0356976050663;223.404728543466;30.5619040905404;1.94398055465947e-08
-0.0270661858956385;"+";-5.47410866797253;NA;-0.0129267368884063;"+";"+";"+";"+";NA;2.81681475252317;"+";"+";"+";NA;"+";NA;NA;15;-90.0714876597123;223.476308652758;30.6334841998325;1.87563571244238e-08
0.644967279286828;"+";-2.93871538145049;NA;-0.379185154655498;"+";"+";"+";"+";NA;0.780327143201791;"+";"+";NA;"+";NA;"+";NA;15;-90.076301913575;223.485937160483;30.6431127075579;1.86662762697231e-08
0.524841619599519;"+";-3.21808988089956;NA;-0.309796307616461;"+";"+";"+";"+";NA;0.955484413744058;"+";"+";NA;"+";"+";NA;NA;15;-90.0848673644712;223.503068062276;30.6602436093501;1.85070739899239e-08
-0.525769895639819;"+";-8.27185557975675;-0.475631005381291;0.461710794258857;"+";"+";"+";"+";NA;3.20323658202057;"+";"+";"+";"+";"+";"+";"+";19;-81.5976965499496;224.945393099899;32.1025686469738;8.99789371264738e-09
0.0623703281698946;"+";-5.72219338313619;NA;-0.0477852048064261;"+";"+";"+";"+";NA;2.58212303863464;"+";"+";"+";NA;"+";"+";NA;16;-89.4799808498756;226.502818842608;33.6599943896829;4.13000098992357e-09
-0.00615171696322814;"+";-6.08998316417201;NA;-0.00804349983293824;"+";"+";"+";"+";NA;2.78597481603657;"+";"+";"+";"+";"+";NA;NA;16;-89.5496155554192;226.642088253695;33.7992638007699;3.85219432745609e-09
0.168693802703376;"+";-5.65822396779532;NA;-0.109306801506726;"+";"+";"+";"+";NA;2.51472504425542;"+";"+";"+";"+";NA;"+";NA;16;-89.5720129933957;226.686883129649;33.844058676723;3.7668740879968e-09
0.580839507076741;"+";-2.92534552487633;NA;-0.342045914184713;"+";"+";"+";"+";NA;0.781190562520801;"+";"+";NA;"+";"+";"+";NA;16;-90.0315781564614;227.60601345578;34.7631890028543;2.37900025873362e-09
-0.207051434405078;"+";-9.01313935062643;-0.479656951342121;0.379637796686807;"+";"+";"+";"+";0.453680400712593;3.67916367680131;"+";"+";"+";"+";"+";"+";"+";20;-80.7245461751499;228.545866543848;35.7030420909227;1.48698978221262e-09
0.0527147851045354;"+";-5.79031685832255;NA;-0.0417715742740355;"+";"+";"+";"+";NA;2.61099951395743;"+";"+";"+";"+";"+";"+";NA;17;-89.4774735037927;230.954947007585;38.1121225546599;4.458438787786e-10
0.40307087110026;"+";-4.00168310284431;NA;-0.240810809378764;"+";"+";"+";"+";NA;1.44085872028449;"+";"+";"+";"+";"+";"+";"+";18;-88.8296906374679;234.386654002208;41.5438295492829;8.01672715239029e-11
