"(Intercept)";"pop";"scale(log(FGMngg), scale = F)";"scale(rel_cohort_quality, scale = F)";"sexe";"pop:scale(log(FGMngg), scale = F)";"pop:scale(rel_cohort_quality, scale = F)";"pop:sexe";"scale(log(FGMngg), scale = F):scale(rel_cohort_quality, scale = F)";"scale(log(FGMngg), scale = F):sexe";"scale(rel_cohort_quality, scale = F):sexe";"pop:scale(log(FGMngg), scale = F):scale(rel_cohort_quality, scale = F)";"pop:scale(log(FGMngg), scale = F):sexe";"pop:scale(rel_cohort_quality, scale = F):sexe";"scale(log(FGMngg), scale = F):scale(rel_cohort_quality, scale = F):sexe";"pop:scale(log(FGMngg), scale = F):scale(rel_cohort_quality, scale = F):sexe";"df";"logLik";"AICc";"delta";"weight"
-0.0262599737699344;NA;-0.22620822829563;0.272646207297766;NA;NA;NA;NA;NA;NA;NA;NA;NA;NA;NA;NA;6;-1276.42952459698;2564.98867882359;0;0.0706014223024906
-0.317406406426211;"+";-0.235931952295359;0.211204418765266;"+";"+";"+";"+";-0.53259010155951;"+";"+";"+";"+";"+";"+";"+";19;-1262.92943954182;2565.05572947735;0.0670506537630899;0.0682737229951536
-0.176372310488366;"+";-0.222941180993084;0.262044817044634;NA;NA;NA;NA;NA;NA;NA;NA;NA;NA;NA;NA;7;-1275.45398968457;2565.0810860152;0.0924071916160756;0.0674135943667243
-0.185955753291812;"+";-0.223298365520792;0.121974350781821;NA;NA;"+";NA;NA;NA;NA;NA;NA;NA;NA;NA;8;-1274.65200098717;2565.52691219107;0.538233367480643;0.0539433060176712
-0.0218727967688219;NA;-0.22516867629708;0.265802989801249;NA;NA;NA;NA;0.0801745371152838;NA;NA;NA;NA;NA;NA;NA;7;-1276.20732312647;2566.587752899;1.59907407541687;0.0317379540235672
-0.197422500653764;"+";-0.225829644329266;NA;NA;NA;NA;NA;NA;NA;NA;NA;NA;NA;NA;NA;6;-1277.27826453199;2566.6861586936;1.69747987001665;0.0302141499250813
-0.16911687201987;"+";-0.222038834081933;0.256121051979428;NA;NA;NA;NA;0.0716011941025517;NA;NA;NA;NA;NA;NA;NA;8;-1275.27647738061;2566.77586497793;1.78718615434354;0.0288888934929929
-0.0356610669621175;NA;-0.22959730120291;NA;NA;NA;NA;NA;NA;NA;NA;NA;NA;NA;NA;NA;5;-1278.40741798314;2566.90728588923;1.91860706564239;0.0270516163428707
-0.177022544426648;"+";-0.22209353926833;0.100183612228503;NA;NA;"+";NA;0.0972839588764197;NA;NA;NA;NA;NA;NA;NA;9;-1274.3312336458;2566.94153705904;1.95285823545237;0.0265922859672434
-0.0432489176266037;NA;-0.22615016740962;0.274084261613183;"+";NA;NA;NA;NA;NA;NA;NA;NA;NA;NA;NA;7;-1276.41240795903;2566.99792256411;2.00924374052374;0.0258530458007693
-0.195332832559176;"+";-0.222869757864926;0.26360387234639;"+";NA;NA;NA;NA;NA;NA;NA;NA;NA;NA;NA;8;-1275.43323852772;2567.08938727216;2.10070844857682;0.0246973528527085
-0.177918114125182;"+";-0.207079880349114;0.263060975974648;NA;"+";NA;NA;NA;NA;NA;NA;NA;NA;NA;NA;8;-1275.43938713598;2567.10168448868;2.11300566509362;0.0245459643960963
-0.0655405138392638;NA;-0.207216046442659;0.324488355390375;"+";NA;NA;NA;-0.183766175875452;"+";"+";NA;NA;NA;"+";NA;11;-1272.49737156645;2567.40531856057;2.41663973698769;0.0210885538500621
-0.210594679305614;"+";-0.223203876211615;0.122621579971629;"+";NA;"+";NA;NA;NA;NA;NA;NA;NA;NA;NA;9;-1274.61718145551;2567.51343267847;2.52475385488015;0.0199788329935601
-0.187040995282251;"+";-0.211918994287109;0.123216463525452;NA;"+";"+";NA;NA;NA;NA;NA;NA;NA;NA;NA;9;-1274.6444828752;2567.56803551785;2.57935669425842;0.0194407609754667
-0.207886138859482;"+";-0.205463338754536;0.310630588673458;"+";NA;NA;NA;-0.189251768361456;"+";"+";NA;NA;NA;"+";NA;12;-1271.63947329638;2567.76492790117;2.77624907757809;0.0176180818313471
-0.220421690084707;"+";-0.203711030809844;0.146949932212214;"+";NA;"+";NA;-0.161707700107856;"+";"+";NA;NA;NA;"+";NA;13;-1270.72769342824;2568.02324957099;3.03457074740481;0.0154833447899166
-0.0358821019330728;NA;-0.225134481062463;0.267061571504179;"+";NA;NA;NA;0.0792612972100326;NA;NA;NA;NA;NA;NA;NA;8;-1276.19578361066;2568.61447743804;3.62579861445374;0.0115207641207822
-0.0402235247266105;NA;-0.178565189395025;0.277365999208683;"+";NA;NA;NA;NA;"+";NA;NA;NA;NA;NA;NA;8;-1276.20751280534;2568.63793582741;3.64925700382082;0.0113864242250382
-0.206425493018934;"+";-0.22579389180406;NA;"+";NA;NA;NA;NA;NA;NA;NA;NA;NA;NA;NA;7;-1277.27368948799;2568.72048562205;3.73180679845882;0.0109260177112894
-0.198270363272865;"+";-0.217730409282136;NA;NA;"+";NA;NA;NA;NA;NA;NA;NA;NA;NA;NA;7;-1277.27447457554;2568.72205579714;3.73337697355237;0.010917443197161
-0.19148878752521;"+";-0.176487864579931;0.266845404351108;"+";NA;NA;NA;NA;"+";NA;NA;NA;NA;NA;NA;9;-1275.23805146401;2568.75517269545;3.76649387186717;0.0107381557267185
-0.185419508633343;"+";-0.221987102636353;0.257536969894011;"+";NA;NA;NA;0.0705441866201827;NA;NA;NA;NA;NA;NA;NA;9;-1275.2613705508;2568.80181086904;3.81313204545586;0.0104906487750322
-0.169454101715501;"+";-0.21938736915068;0.25636669001744;NA;"+";NA;NA;0.0707706599043039;NA;NA;NA;NA;NA;NA;NA;9;-1275.27608993963;2568.83124964669;3.8425708231066;0.0103373637352893
-0.0421990034680258;NA;-0.229581515899026;NA;"+";NA;NA;NA;NA;NA;NA;NA;NA;NA;NA;NA;6;-1278.4049187995;2568.93946722864;3.95078840505084;0.00979288486398234
-0.237464377794459;"+";-0.223170451637275;0.261438814020961;"+";NA;NA;"+";NA;NA;NA;NA;NA;NA;NA;NA;9;-1275.33313969558;2568.9453491586;3.95667033500877;0.00976412664174474
-0.198533472406573;"+";-0.22202479721682;0.101013856676403;"+";NA;"+";NA;0.09606661808081;NA;NA;NA;NA;NA;NA;NA;10;-1274.30498343274;2568.95158177232;3.96290294873097;0.00973374598920286
-0.176061317735645;"+";-0.229744217733509;0.0987830925415522;NA;"+";"+";NA;0.0997915251958492;NA;NA;NA;NA;NA;NA;NA;10;-1274.32802295558;2568.997660818;4.00898199441008;0.0095120488312175
-0.0433847528603683;NA;-0.225511049716888;0.293907460447699;"+";NA;NA;NA;NA;NA;"+";NA;NA;NA;NA;NA;8;-1276.39980881009;2569.02252783689;4.03384901330401;0.00939451288851556
-0.161912803118088;"+";NA;0.26778149329168;NA;NA;NA;NA;NA;NA;NA;NA;NA;NA;NA;NA;6;-1278.47524147061;2569.08011257086;4.09143374726955;0.00912787954797465
-0.196825868952392;"+";-0.207061270861985;0.264611523454589;"+";"+";NA;NA;NA;NA;NA;NA;NA;NA;NA;NA;9;-1275.41873613213;2569.1165420317;4.12786320810847;0.00896312273831995
-0.195063447886118;"+";-0.222395650683582;0.278505062685019;"+";NA;NA;NA;NA;NA;"+";NA;NA;NA;NA;NA;9;-1275.42613046105;2569.13133068955;4.14265186595958;0.0088970908920515
-0.206724504952649;"+";-0.174222654629418;0.124142368105043;"+";NA;"+";NA;NA;"+";NA;NA;NA;NA;NA;NA;10;-1274.39954163227;2569.14069817137;4.15201934778634;0.00885551666089666
-0.00617036398681112;NA;NA;0.279026936930237;NA;NA;NA;NA;NA;NA;NA;NA;NA;NA;NA;NA;5;-1279.52455723076;2569.14156438447;4.15288556088262;0.00885168210908832
-0.272437381659767;"+";-0.204451835451501;0.304547946801351;"+";NA;NA;"+";-0.19382035613855;"+";"+";NA;NA;NA;"+";NA;13;-1271.40608017248;2569.38002305947;4.3913442358803;0.00785679036303042
-0.244897008097783;"+";-0.223437657686401;0.123419393275951;"+";NA;"+";"+";NA;NA;NA;NA;NA;NA;NA;NA;10;-1274.54980558728;2569.44122608138;4.45254725779751;0.00762000222219495
-0.17116374792079;"+";NA;0.128347125632992;NA;NA;"+";NA;NA;NA;NA;NA;NA;NA;NA;NA;7;-1277.68616857122;2569.54544378851;4.55676496491878;0.00723310068331838
-0.211615381569456;"+";-0.211933792861661;0.123848015216185;"+";"+";"+";NA;NA;NA;NA;NA;NA;NA;NA;NA;10;-1274.60981187173;2569.5612386503;4.5725598267145;0.00717620274000638
-0.210481283018239;"+";-0.223049961015758;0.127642538029017;"+";NA;"+";NA;NA;NA;"+";NA;NA;NA;NA;NA;10;-1274.61645801658;2569.57453093998;4.58585211639638;0.00712866679754437
-0.203831599533499;"+";-0.242552871373551;0.306790125050149;"+";"+";NA;NA;-0.184064623422307;"+";"+";NA;NA;NA;"+";NA;13;-1271.57450712851;2569.71687697152;4.72819814793593;0.00663893272415993
-0.276965258899655;"+";-0.202858397084768;0.146076738519602;"+";NA;"+";"+";-0.166476068298324;"+";"+";NA;NA;NA;"+";NA;14;-1270.54641374816;2569.74907749632;4.76039867272812;0.00653290003280687
-0.215465791217168;"+";-0.251756528652539;0.13761708233448;"+";"+";"+";NA;-0.154307265922779;"+";"+";NA;NA;NA;"+";NA;14;-1270.61882697568;2569.89390395135;4.90522512776306;0.00607655380165213
-0.0330018519879395;NA;-0.178260279455242;0.270391285199903;"+";NA;NA;NA;0.0782012962069239;"+";NA;NA;NA;NA;NA;NA;9;-1275.99673874016;2570.27254724776;5.2838684241774;0.00502847158519742
-0.203170644015896;"+";-0.185128399302419;NA;"+";NA;NA;NA;NA;"+";NA;NA;NA;NA;NA;NA;8;-1277.12373185733;2570.47037393138;5.48169510778916;0.00455489617277058
-0.181773809885817;"+";-0.176216179782429;0.260820365497538;"+";NA;NA;NA;0.0695442267605079;"+";NA;NA;NA;NA;NA;NA;10;-1275.0710905135;2570.48379593383;5.49511711024161;0.00452443060055715
-0.254970987811695;"+";-0.226087237655978;NA;"+";NA;NA;"+";NA;NA;NA;NA;NA;NA;NA;NA;8;-1277.14159644559;2570.50610310791;5.51742428431862;0.00447424735191237
-0.236199151967038;"+";-0.175216046934903;0.264658957341387;"+";NA;NA;"+";NA;"+";NA;NA;NA;NA;NA;NA;10;-1275.12462095527;2570.59085681736;5.60217799377779;0.00428860409124921
-0.19481023191012;"+";-0.173615669301325;0.102671031774931;"+";NA;"+";NA;0.0953387532188245;"+";NA;NA;NA;NA;NA;NA;11;-1274.09214440264;2570.59486423296;5.60618540937185;0.00428001958508629
-0.036043711829813;NA;-0.224564583136521;0.284866633011555;"+";NA;NA;NA;0.0788306720870159;NA;"+";NA;NA;NA;NA;NA;9;-1276.18565927429;2570.65038831601;5.66170949242769;0.00416283171744517
-0.0403441904865542;NA;-0.177149333094858;0.300936109058637;"+";NA;NA;NA;NA;"+";"+";NA;NA;NA;NA;NA;9;-1276.18976657686;2570.65860292115;5.66992409756676;0.00414576877336016
-0.22792762901601;"+";-0.22227947734318;0.255308429734125;"+";NA;NA;"+";0.0709669485813591;NA;NA;NA;NA;NA;NA;NA;10;-1275.15914236596;2570.65989963876;5.67122081517118;0.00414308169887236
-0.0395026873697552;NA;-0.187917492157728;NA;"+";NA;NA;NA;NA;"+";NA;NA;NA;NA;NA;NA;7;-1278.24796802894;2570.66904270394;5.68036388035353;0.00412418469290795
-0.207222946091952;"+";-0.217748126543374;NA;"+";"+";NA;NA;NA;NA;NA;NA;NA;NA;NA;NA;8;-1277.26994230132;2570.76279481936;5.77411599577545;0.00393532036322718
-0.16536178355886;"+";-0.246432048886524;0.0792323599294518;NA;"+";"+";NA;0.186015956931087;NA;NA;"+";NA;NA;NA;NA;11;-1274.17804284091;2570.76666110951;5.77798228592019;0.00392772016656702
-0.193224612498288;"+";-0.156601538279019;0.268112678394792;"+";"+";NA;NA;NA;"+";NA;NA;NA;NA;NA;NA;10;-1275.21705154129;2570.77571798942;5.78703916583254;0.00390997393333038
-0.191113049242982;"+";-0.175377637667123;0.285423506131632;"+";NA;NA;NA;NA;"+";"+";NA;NA;NA;NA;NA;10;-1275.22704614661;2570.79570720005;5.80702837646231;0.00387108992591219
-0.183014136252687;"+";NA;NA;NA;NA;NA;NA;NA;NA;NA;NA;NA;NA;NA;NA;5;-1280.37511485388;2570.84267963071;5.85400080712225;0.00378123201591017
-0.18522503683293;"+";-0.221569398737618;0.270743530775975;"+";NA;NA;NA;0.0702455281159413;NA;"+";NA;NA;NA;NA;NA;10;-1275.25580660104;2570.85322810892;5.86454928533294;0.00376134139420198
-0.185809922740458;"+";-0.219173598588329;0.257793690624496;"+";"+";NA;NA;0.0696604467553015;NA;NA;NA;NA;NA;NA;NA;10;-1275.26093454563;2570.86348399808;5.8748051744974;0.0037421028133238
-0.232706509932176;"+";-0.222255923386071;0.101821456409576;"+";NA;"+";"+";0.0959836019637739;NA;NA;NA;NA;NA;NA;NA;11;-1274.23805922658;2570.88669388084;5.89801505725563;0.00369892694083209
-0.238971141113463;"+";-0.207324344269355;0.262446038173739;"+";"+";NA;"+";NA;NA;NA;NA;NA;NA;NA;NA;10;-1275.31856962434;2570.97875415552;5.99007533193117;0.00353252398109975
-0.236825571636497;"+";-0.222770750573784;0.273926858048098;"+";NA;NA;"+";NA;NA;"+";NA;NA;NA;NA;NA;10;-1275.32817262129;2570.99796014942;6.00928132583385;0.00349876352430237
-0.197542413132535;"+";-0.22953150089905;0.099638216003857;"+";"+";"+";NA;0.0985298411901819;NA;NA;NA;NA;NA;NA;NA;11;-1274.30189239888;2571.01436022545;6.02568140185986;0.00347019083906073
-0.198505107285374;"+";-0.221979022093979;0.102538980571785;"+";NA;"+";NA;0.0960196581534331;NA;"+";NA;NA;NA;NA;NA;11;-1274.3049175896;2571.02041060687;6.03173178328734;0.00345970871316862
-0.243661371127698;"+";-0.173186651869942;0.125044428755829;"+";NA;"+";"+";NA;"+";NA;NA;NA;NA;NA;NA;11;-1274.32096562759;2571.05250668287;6.06382785928326;0.00340463030851032
-0.181848548135829;"+";NA;0.269414800239589;"+";NA;NA;NA;NA;NA;NA;NA;NA;NA;NA;NA;7;-1278.45228262517;2571.0776718964;6.08899307281581;0.00336205957123278
-0.023927923265607;NA;NA;0.280528511252874;"+";NA;NA;NA;NA;NA;NA;NA;NA;NA;NA;NA;6;-1279.50580074758;2571.14123112479;6.15255230120601;0.00325689451831348
-0.196571901171267;"+";-0.20635747277177;0.27992598511351;"+";"+";NA;NA;NA;NA;"+";NA;NA;NA;NA;NA;10;-1275.41123980884;2571.16409452451;6.1754157009259;0.00321987468069764
-0.208000903400329;"+";-0.158995813934885;0.125749469503593;"+";"+";"+";NA;NA;"+";NA;NA;NA;NA;NA;NA;11;-1274.38719634724;2571.18496812216;6.19628929857208;0.00318644425319797
-0.206504253985528;"+";-0.173722777593975;0.133079807181327;"+";NA;"+";NA;NA;"+";"+";NA;NA;NA;NA;NA;11;-1274.397253613;2571.20508265369;6.21640383009844;0.00315455794978858
-0.0150619212311107;NA;NA;NA;NA;NA;NA;NA;NA;NA;NA;NA;NA;NA;NA;NA;4;-1281.59083611541;2571.24321069236;6.25453186877212;0.00309498901184497
-0.268729800266967;"+";-0.242405586983495;0.300578768014845;"+";"+";NA;"+";-0.188542669583676;"+";"+";NA;NA;NA;"+";NA;14;-1271.33800654354;2571.33226308708;6.34358426348899;0.00296020392184859
-0.245961423739712;"+";-0.212057535278303;0.124667607896812;"+";"+";"+";"+";NA;NA;NA;NA;NA;NA;NA;NA;11;-1274.54227836643;2571.49513216054;6.50645333695365;0.00272869540607665
-0.244739357557789;"+";-0.223342788969157;0.1265023259543;"+";NA;"+";"+";NA;NA;"+";NA;NA;NA;NA;NA;11;-1274.54953300076;2571.5096414292;6.52096260561029;0.00270897135062298
-0.196754666777035;"+";NA;0.128999885693514;"+";NA;"+";NA;NA;NA;NA;NA;NA;NA;NA;NA;8;-1277.64857440476;2571.52005902623;6.53138020264396;0.00269489755028523
-0.27877836477767;"+";-0.205070811895185;0.0856503583831693;"+";NA;"+";"+";-0.156577747044725;"+";"+";NA;NA;"+";"+";NA;15;-1270.38878847935;2571.52875066761;6.54007184402735;0.00268321142005465
-0.272303239319841;"+";-0.251364953499888;0.136655028589943;"+";"+";"+";"+";-0.159031922939693;"+";"+";NA;NA;NA;"+";NA;15;-1270.43539769271;2571.62196909433;6.63329027074587;0.00256101881735871
-0.211502578214448;"+";-0.21168922295709;0.12921914141799;"+";"+";"+";NA;NA;NA;"+";NA;NA;NA;NA;NA;11;-1274.608986508;2571.62854844369;6.63986962009812;0.0025526077410479
-0.202860357836365;"+";-0.261691814352573;0.112905280567763;"+";"+";"+";NA;-0.0602768695481034;"+";"+";"+";NA;NA;"+";NA;15;-1270.45004935242;2571.65127241376;6.66259359017113;0.00252376919191325
-0.254047882698495;"+";-0.18357261828417;NA;"+";NA;NA;"+";NA;"+";NA;NA;NA;NA;NA;NA;9;-1276.97787211885;2572.23481400514;7.24613518155684;0.00188510344889681
-0.0331605374450791;NA;-0.176968624013896;0.291917829513337;"+";NA;NA;NA;0.0776661344494029;"+";"+";NA;NA;NA;NA;NA;10;-1275.98199400847;2572.30560292376;7.3169241001774;0.00181954822114646
-0.2268301724305;"+";-0.174914208126834;0.258567616992093;"+";NA;NA;"+";0.0699610469409115;"+";NA;NA;NA;NA;NA;NA;11;-1274.95559063883;2572.32175670533;7.3330778817467;0.00180491111959446
-0.204214362260033;"+";-0.173828362883819;NA;"+";"+";NA;NA;NA;"+";NA;NA;NA;NA;NA;NA;9;-1277.11696742456;2572.51300461656;7.52432579297329;0.00164031351908181
-0.231595654634899;"+";-0.17258009018467;0.103585942513517;"+";NA;"+";"+";0.0952319450108565;"+";NA;NA;NA;NA;NA;NA;12;-1274.01416989614;2572.5143211007;7.525642277109;0.00163923415100079
-0.181488794091648;"+";-0.175216140270861;0.277686026668484;"+";NA;NA;NA;0.069152502778622;"+";"+";NA;NA;NA;NA;NA;11;-1275.06205580652;2572.53468704072;7.54600821712802;0.00162262657951079
-0.182636176879441;"+";-0.169546818863452;0.261420482768062;"+";"+";NA;NA;0.0675373633128325;"+";NA;NA;NA;NA;NA;NA;11;-1275.06886348381;2572.5483023953;7.55962357171666;0.00161161777609521
-0.25579773590001;"+";-0.217919440316891;NA;"+";"+";NA;"+";NA;NA;NA;NA;NA;NA;NA;NA;9;-1277.13772876971;2572.55452730686;7.5658484832702;0.00160660948512324
-0.238028189814933;"+";-0.155147113639161;0.265914779172795;"+";"+";NA;"+";NA;"+";NA;NA;NA;NA;NA;NA;11;-1275.10328380205;2572.61714303179;7.62846420820324;0.00155708920817753
-0.235373306595037;"+";-0.17425935816297;0.280782331958177;"+";NA;NA;"+";NA;"+";"+";NA;NA;NA;NA;NA;11;-1275.11636139583;2572.64329821934;7.65461939575016;0.00153685879890318
-0.250392069553866;"+";-0.223673224532458;0.0270752654903316;"+";NA;"+";"+";NA;NA;"+";NA;NA;"+";NA;NA;12;-1274.0854480291;2572.65687736662;7.66819854302867;0.00152645952617792
-0.194697685604761;"+";-0.173316159869201;0.108116639649202;"+";NA;"+";NA;0.0951688156624099;"+";"+";NA;NA;NA;NA;NA;12;-1274.09130706787;2572.66859544416;7.67991662056875;0.0015175420899455
-0.194307729956198;"+";-0.177691692735324;0.101952336645809;"+";"+";"+";NA;0.0966208150058447;"+";NA;NA;NA;NA;NA;NA;12;-1274.09131294887;2572.66860720615;7.67992838256305;0.00151753316531104
-0.22741063605766;"+";-0.221939667896337;0.266057857927801;"+";NA;NA;"+";0.0707214079214006;NA;"+";NA;NA;NA;NA;NA;11;-1275.15547677788;2572.72152898344;7.73285015985221;0.00147790450621177
-0.228305120243771;"+";-0.21951511477713;0.255562867320117;"+";"+";NA;"+";0.0700985715855514;NA;NA;NA;NA;NA;NA;NA;11;-1275.15872076157;2572.72801695083;7.7393381272409;0.00147311797600235
-0.186388703042355;"+";-0.246156563473594;0.0801457762582078;"+";"+";"+";NA;0.184441958439327;NA;NA;"+";NA;NA;NA;NA;12;-1274.15310238633;2572.79218608108;7.80350725748895;0.00142660380990819
-0.192865322986935;"+";-0.155147012112981;0.287263810861446;"+";"+";NA;NA;NA;"+";"+";NA;NA;NA;NA;NA;11;-1275.20538254822;2572.82134052412;7.8326617005373;0.0014059587296786
-0.192840328122323;"+";NA;NA;"+";NA;NA;NA;NA;NA;NA;NA;NA;NA;NA;NA;6;-1280.36965777983;2572.86894518928;7.88026636569521;0.00137288876485687
-0.185651346877825;"+";-0.218494926163976;0.27112295133938;"+";"+";NA;NA;0.0692791816998456;NA;"+";NA;NA;NA;NA;NA;11;-1275.25528827437;2572.92115197642;7.93247315283043;0.00133751540009129
-0.221994536707995;"+";NA;0.267325829790827;"+";NA;NA;"+";NA;NA;NA;NA;NA;NA;NA;NA;8;-1278.36129457424;2572.94549936519;7.95682054160625;0.00132133160452987
-0.231705816245907;"+";-0.229622185736865;0.100472646298387;"+";"+";"+";"+";0.0984002764361369;NA;NA;NA;NA;NA;NA;NA;12;-1274.23508307617;2572.95614746074;7.96746863715771;0.00131431546564207
-0.232724693053764;"+";-0.222270276866295;0.101402827042859;"+";NA;"+";"+";0.0959966052549894;NA;"+";NA;NA;NA;NA;NA;12;-1274.23805421432;2572.96208973705;7.97341091346698;0.00131041624824009
-0.238330009449121;"+";-0.206730478893058;0.275347905516187;"+";"+";NA;"+";NA;NA;"+";NA;NA;NA;NA;NA;11;-1275.31327676961;2573.0371289669;8.04845014331113;0.00126216085776583
-0.181398708218207;"+";NA;0.297896741926423;"+";NA;NA;NA;NA;NA;"+";NA;NA;NA;NA;NA;8;-1278.42617506799;2573.07526035269;8.0865815291013;0.00123832483365505
-0.197523498081093;"+";-0.229469243597143;0.100849012643746;"+";"+";"+";NA;0.0984838643035554;NA;"+";NA;NA;NA;NA;NA;12;-1274.30185128331;2573.08968387503;8.10100505143964;0.00122942645575961
-0.245041936084742;"+";-0.157728769158727;0.12667649667042;"+";"+";"+";"+";NA;"+";NA;NA;NA;NA;NA;NA;12;-1274.30824645398;2573.10247421637;8.11379539278369;0.00122158915090835
-0.024260289532101;NA;NA;0.314236376062446;"+";NA;NA;NA;NA;NA;"+";NA;NA;NA;NA;NA;7;-1279.46917587482;2573.11145839571;8.12277957211836;0.00121611396961539
-0.243302346371073;"+";-0.172803669991056;0.131989497574767;"+";NA;"+";"+";NA;"+";"+";NA;NA;NA;NA;NA;12;-1274.31958419317;2573.12514969475;8.13647087116124;0.00120781731001364
-0.207781831715153;"+";-0.158304301742472;0.135202093760153;"+";"+";"+";NA;NA;"+";"+";NA;NA;NA;NA;NA;12;-1274.38464762452;2573.25527655746;8.26659773387382;0.00113173451318583
-0.0221939037950123;NA;NA;NA;"+";NA;NA;NA;NA;NA;NA;NA;NA;NA;NA;NA;5;-1281.58785364504;2573.26815721303;8.27947838944601;0.00112446919258959
-0.270149812955345;"+";-0.219998890682708;0.304140881086007;"+";"+";NA;"+";-0.191853889442645;"+";"+";NA;"+";NA;"+";NA;15;-1271.30148597183;2573.35414565258;8.3654668289937;0.00107714807350252
-0.27401741683892;"+";-0.255008324635379;0.0747296746953603;"+";"+";"+";"+";-0.14873348431345;"+";"+";NA;NA;"+";"+";NA;16;-1270.27135974247;2573.39538406174;8.40670523815288;0.00105516554693866
-0.258196696231418;"+";-0.260933851920569;0.112909940581585;"+";"+";"+";"+";-0.06840748589363;"+";"+";"+";NA;NA;"+";NA;16;-1270.27932349147;2573.41131155975;8.42263273616527;0.00104679584470153
-0.229176515456105;"+";NA;0.129737523958905;"+";NA;"+";"+";NA;NA;NA;NA;NA;NA;NA;NA;9;-1277.58832570238;2573.45572117219;8.4670423486059;0.00102380810942865
-0.196349032249446;"+";NA;0.148579914703797;"+";NA;"+";NA;NA;NA;"+";NA;NA;NA;NA;NA;9;-1277.63753232488;2573.55413441721;8.56545559361894;0.000974649356930444
-0.245794918182588;"+";-0.211895503007841;0.128093368803675;"+";"+";"+";"+";NA;NA;"+";NA;NA;NA;NA;NA;12;-1274.54194158125;2573.56986447091;8.5811856473224;0.000967013779936703
-0.273538258652336;"+";-0.231604098470015;0.140529176998578;"+";"+";"+";"+";-0.162042673459937;"+";"+";NA;"+";NA;"+";NA;16;-1270.40704422794;2573.66675303269;8.67807420910185;0.000921284106367203
-0.238133293823568;"+";-0.222565954715818;-0.000724037363387831;"+";NA;"+";"+";0.0988573690071881;NA;"+";NA;NA;"+";NA;NA;13;-1273.75509263003;2574.07804797458;9.08936915098866;0.000750035841242382
-0.235559700789643;"+";-0.222683535973092;0.265874248198978;"+";"+";NA;"+";NA;"+";NA;NA;"+";NA;NA;NA;12;-1274.82036136745;2574.12670404332;9.13802521972957;0.000732009110074804
-0.255165603221431;"+";-0.172007729406514;NA;"+";"+";NA;"+";NA;"+";NA;NA;NA;NA;NA;NA;10;-1276.97077284428;2574.2831605954;9.29448177180802;0.000676927842679539
-0.180041234580491;"+";-0.189251150893738;0.0783831286152155;"+";"+";"+";NA;0.201964597019613;"+";NA;"+";NA;NA;NA;NA;13;-1273.87226048237;2574.31238367925;9.32370485566071;0.000667108793543484
-0.248845175176086;"+";-0.177917322974498;0.0365172483082128;"+";NA;"+";"+";NA;"+";"+";NA;NA;"+";NA;NA;13;-1273.89776124592;2574.36338520634;9.37470638275454;0.000650312084607049
-0.226133426891509;"+";-0.174075526586527;0.272943674315491;"+";NA;NA;"+";0.0696240222387523;"+";"+";NA;NA;NA;NA;NA;12;-1274.94905770174;2574.38409671189;9.39541788830593;0.000643612363632817
-0.227712438833656;"+";-0.168164471738489;0.25917340771385;"+";"+";NA;"+";0.067930252359715;"+";NA;NA;NA;NA;NA;NA;12;-1274.95330907052;2574.39259944944;9.4039206258567;0.000640881938261705
-0.242575364049144;"+";-0.230067457617915;0.122886668331265;"+";"+";"+";"+";NA;"+";NA;NA;"+";NA;NA;NA;13;-1273.98404239878;2574.53594751208;9.54726868848957;0.000596554870635543
-0.231103631792902;"+";-0.1763919227286;0.102911375995421;"+";"+";"+";"+";0.0964313744846647;"+";NA;NA;NA;NA;NA;NA;13;-1274.01344223145;2574.5947471774;9.60606835381304;0.000579271565292161
-0.231432641631594;"+";-0.172392296393522;0.107031779715289;"+";NA;"+";"+";0.095124673749591;"+";"+";NA;NA;NA;NA;NA;13;-1274.01383445903;2574.59553163257;9.60685280898679;0.000579044403556425
-0.182397107873258;"+";-0.168147455684415;0.278567791442904;"+";"+";NA;NA;0.0670247834530611;"+";"+";NA;NA;NA;NA;NA;12;-1275.05956771331;2574.60511673502;9.61643791143433;0.000576275942885289
-0.239611001349745;"+";NA;NA;"+";NA;NA;"+";NA;NA;NA;NA;NA;NA;NA;NA;7;-1280.24695846901;2574.66702358409;9.67834476050075;0.000558711471620245
-0.237182633287097;"+";-0.153904566614616;0.282625519144707;"+";"+";NA;"+";NA;"+";"+";NA;NA;NA;NA;NA;12;-1275.09444681111;2574.67487493064;9.68619610704854;0.000556522452426588
-0.251147428894914;"+";-0.215300525312702;0.0285616584167512;"+";"+";"+";"+";NA;NA;"+";NA;NA;"+";NA;NA;13;-1274.08138985846;2574.73064243142;9.74196360783344;0.000541218871427852
-0.194215930656621;"+";-0.177268198805629;0.107244362497144;"+";"+";"+";NA;0.0964148804921596;"+";"+";NA;NA;NA;NA;NA;13;-1274.09052955225;2574.74892181901;9.76024299542632;0.000536294833044683
-0.218700134273443;"+";-0.245784595132538;0.0814562121899856;"+";"+";"+";"+";0.181964429416764;NA;NA;"+";NA;NA;NA;NA;13;-1274.09457487241;2574.75701245933;9.7683336357436;0.000534129730963728
-0.22781597048734;"+";-0.218960254476281;0.266426845311251;"+";"+";NA;"+";0.0697848697934555;NA;"+";NA;NA;NA;NA;NA;12;-1275.15498970792;2574.79596072425;9.80728190066475;0.000523828645729131
-0.186415574621929;"+";-0.246342026863142;0.0770763951848112;"+";"+";"+";NA;0.184759849920304;NA;"+";"+";NA;NA;NA;NA;13;-1274.1528488342;2574.8735603829;9.88488155931418;0.000503893426094142
-0.220712795784246;"+";NA;0.293591697174441;"+";NA;NA;"+";NA;NA;"+";NA;NA;NA;NA;NA;9;-1278.3392135373;2574.95749684205;9.96881801846394;0.000483183529613105
-0.231737887730795;"+";-0.229661041289373;0.0997351048228572;"+";"+";"+";"+";0.098428058560254;NA;"+";NA;NA;NA;NA;NA;13;-1274.23506780604;2575.03799832659;10.0493195030049;0.000464121243019104
-0.259478252345375;"+";-0.265028051599283;0.0481305273310445;"+";"+";"+";"+";-0.0546334613454569;"+";"+";"+";NA;"+";"+";NA;17;-1270.104401414;2575.16955636019;10.180877536598;0.000434574243361875
-0.244668825209339;"+";-0.157189408446738;0.134134267287229;"+";"+";"+";"+";NA;"+";"+";NA;NA;NA;NA;NA;13;-1274.30665974503;2575.18118220457;10.1925033809835;0.000432055425038302
-0.259378271597619;"+";-0.240466879296228;0.116760740257606;"+";"+";"+";"+";-0.0708656686035835;"+";"+";"+";"+";NA;"+";NA;17;-1270.24870319557;2575.45815992332;10.4694810997325;0.000376178971937993
-0.274982721148472;"+";-0.238720482145917;0.0795432909056557;"+";"+";"+";"+";-0.151464213650427;"+";"+";NA;"+";"+";"+";NA;17;-1270.25241931296;2575.4655921581;10.4769133345108;0.000374783640931606
-0.228308213590135;"+";NA;0.147514491791095;"+";NA;"+";"+";NA;NA;"+";NA;NA;NA;NA;NA;10;-1277.57922115605;2575.50005721892;10.5113783953361;0.000368380500056672
-0.25264106107408;"+";-0.240278128671954;NA;"+";"+";NA;"+";NA;"+";NA;NA;"+";NA;NA;NA;11;-1276.68405372934;2575.77868288637;10.7900040627842;0.000320474765289241
-0.236743107560518;"+";-0.177598061366777;0.00880088405392263;"+";NA;"+";"+";0.0979386144721941;"+";"+";NA;NA;"+";NA;NA;14;-1273.57361369465;2575.8034773893;10.8147985657097;0.000316526284760135
-0.227687596498645;"+";-0.226331158944697;0.260549623647436;"+";"+";NA;"+";0.0534973947595965;"+";NA;NA;"+";NA;NA;NA;13;-1274.72983968136;2576.02754207722;11.0388632536365;0.000282979354415823
-0.236646542251897;"+";-0.23389362611784;-0.00379524324943726;"+";"+";"+";"+";0.102595718338767;NA;"+";NA;NA;"+";NA;NA;14;-1273.74808461014;2576.15241922029;11.1637403967006;0.000265850832352496
-0.235182988263261;"+";-0.221541929398744;0.273911379880228;"+";"+";NA;"+";NA;"+";"+";NA;"+";NA;NA;NA;13;-1274.81833454735;2576.2045318092;11.2158529856174;0.000259013213143759
-0.231095265050371;"+";-0.236154653630839;0.103250688186031;"+";"+";"+";"+";0.0817133564419495;"+";NA;NA;"+";NA;NA;NA;14;-1273.7777244987;2576.21169899739;11.2230201738039;0.000258086676080998
-0.214900258618462;"+";-0.18779149797719;0.0797681483242371;"+";"+";"+";"+";0.199601639270649;"+";NA;"+";NA;NA;NA;NA;14;-1273.80360932806;2576.26346865612;11.274789832532;0.000251491867476657
-0.180033849721012;"+";-0.189182189927229;0.0791880737442918;"+";"+";"+";NA;0.201885679685008;"+";"+";"+";NA;NA;NA;NA;14;-1273.87224287971;2576.40073575943;11.4120569358415;0.000234810099747408
-0.249884546066876;"+";-0.165703237876289;0.0386968869729591;"+";"+";"+";"+";NA;"+";"+";NA;NA;"+";NA;NA;14;-1273.88989328768;2576.43603657535;11.447357751767;0.000230701967450945
-0.227047015771318;"+";-0.16698394261398;0.273827202514534;"+";"+";NA;"+";0.0674892012633017;"+";"+";NA;NA;NA;NA;NA;13;-1274.94655233239;2576.46096737929;11.4722885557017;0.000227844024403445
-0.242704956277079;"+";-0.230438739846191;0.120155108997155;"+";"+";"+";"+";NA;"+";"+";NA;"+";NA;NA;NA;14;-1273.98383308868;2576.62391617737;11.6352373537779;0.000210016666597251
-0.233877535392657;"+";NA;0.0492136607529192;"+";NA;"+";"+";NA;NA;"+";NA;NA;"+";NA;NA;11;-1277.12592453533;2576.66242449834;11.673745674751;0.00020601165231598
-0.230957244473428;"+";-0.176133430005038;0.106209830792755;"+";"+";"+";"+";0.0963034788134327;"+";"+";NA;NA;NA;NA;NA;14;-1274.0131384369;2576.6825268738;11.6938480502122;0.000203951362051252
-0.218857937044557;"+";-0.246090428637626;0.076653763802926;"+";"+";"+";"+";0.182456953392099;NA;"+";"+";NA;NA;NA;NA;14;-1274.09394905202;2576.84414810405;11.8554692804601;0.000188118282829507
-0.260413823463363;"+";-0.248102301836153;0.0530138966060005;"+";"+";"+";"+";-0.0570088497653704;"+";"+";"+";"+";"+";"+";NA;18;-1270.08383089424;2577.24313348659;12.2544546630002;0.000154096377980608
-0.248001863836812;"+";-0.241529434716253;0.0217023729396982;"+";"+";"+";"+";NA;"+";"+";NA;"+";"+";NA;NA;15;-1273.54548981486;2577.84215333864;12.8534745150496;0.000114213363833122
-0.235734985017967;"+";-0.185721134478484;0.0066250120342402;"+";"+";"+";"+";0.100502364224863;"+";"+";NA;NA;"+";NA;NA;15;-1273.57035073786;2577.89187518465;12.9031963610628;0.00011140891917265
-0.215400785965025;"+";-0.245486862957543;0.0808594078036062;"+";"+";"+";"+";0.181949251077799;"+";NA;"+";"+";NA;NA;NA;15;-1273.58132267013;2577.91381904918;12.9251402255941;0.000110193229485852
-0.22292439289591;"+";-0.251615288193872;-0.030893227629394;"+";"+";"+";"+";0.19291087162937;NA;"+";"+";NA;"+";NA;NA;15;-1273.58543273174;2577.9220391724;12.9333603488158;0.000109741257975192
-0.227346150010572;"+";-0.225319304836244;0.267803124255235;"+";"+";NA;"+";0.0533904886634448;"+";"+";NA;"+";NA;NA;NA;14;-1274.7282002735;2578.11265054701;13.1239717234203;9.97652281719359e-05
-0.231321683725429;"+";-0.236812944178542;0.0982550437889432;"+";"+";"+";"+";0.0818374280856781;"+";"+";NA;"+";NA;NA;NA;15;-1273.77703772475;2578.30524915842;13.3165703348304;9.06059968984763e-05
-0.214934269121524;"+";-0.187877704292581;0.0787600336534086;"+";"+";"+";"+";0.199699103340058;"+";"+";"+";NA;NA;NA;NA;15;-1273.80358164051;2578.35833698994;13.3696581663521;8.82325979525961e-05
-0.236190161924703;"+";-0.248456189622134;-0.00335350797777274;"+";"+";"+";"+";0.0856382150538779;"+";"+";NA;"+";"+";NA;NA;16;-1273.31904813607;2579.49076084893;14.5020820253458;5.00871534242934e-05
-0.219150756271521;"+";-0.19812109617618;-0.0238919160283153;"+";"+";"+";"+";0.208196786123644;"+";"+";"+";NA;"+";NA;NA;16;-1273.34325097842;2579.53916653365;14.5504877100648;4.88894542724834e-05
-0.215715639585755;"+";-0.246757101996764;0.0718039231041248;"+";"+";"+";"+";0.182666759703787;"+";"+";"+";"+";NA;NA;NA;16;-1273.57910896018;2580.01088249715;15.0222036735672;3.86174301339061e-05
-0.220033697189248;"+";-0.259003604813983;-0.0327894535398939;"+";"+";"+";"+";0.190747539390261;"+";"+";"+";"+";"+";NA;NA;17;-1273.10413285877;2581.16901924973;16.1803404261436;2.16419888540431e-05
